code,Name,menu,price
,팀호완 삼성점,차슈바오 번,"8,000"
,팀호완 삼성점,샤오마이 (3pcs),"6,500"
,팀호완 삼성점,차슈 라이스 롤 (3pcs),"8,000"
,팀호완 삼성점,사천식 완탕 (4pcs),"9,000"
,팀호완 삼성점,연잎밥,"8,000"
,수담한정식,선비상,"38,000"
,수담한정식,대감상,"48,000"
,수담한정식,진연상,"59,000"
,수담한정식,용왕상,"120,000"
,수담한정식,담정식(평일점심특선),"25,000"
,능라도 강남점,평양냉면,"15,000"
,능라도 강남점,비빔면,"15,000"
,능라도 강남점,평양온면,"15,000"
,능라도 강남점,평양온반,"13,000"
,능라도 강남점,만두국,"13,000"
,능라도 강남점,접시만두,"13,000"
,경천애인2237 삼성본점,경애등.안.채 (150g),"45,500"
,경천애인2237 삼성본점,특안심 (150g),"49,500"
,경천애인2237 삼성본점,꽃등심 (150g),"46,500"
,경천애인2237 삼성본점,일품 채끝 (150g),"46,500"
,경천애인2237 삼성본점,소갈비살 (120g),"47,500"
,길목,투뿔목살(200g),"16,000"
,길목,특오겹살(200g),"16,000"
,길목,껍살(250g),"18,000"
,길목,표고버섯,"6,000"
,길목,오크라구이,"6,000"
,곰바위,특양구이 (130g),"35,000"
,곰바위,막창구이 (130g),"30,000"
,곰바위,대창구이 (130g),"33,000"
,곰바위,한우양념갈비 (200g),"54,000"
,곰바위,한우토시살 (130g),"75,000"
,봉밀가,기장 돌냄비 우동,"9,000"
,봉밀가,곰소항 낙지밥,"3,000"
,봉밀가,평양 찐 고기만두,"7,000"
,외고집설렁탕,설렁탕,"12,000"
,외고집설렁탕,머리고기 설렁탕,"12,000"
,외고집설렁탕,설렁탕 (특),"18,000"
,외고집설렁탕,머리고기 설렁탕 (특),"18,000"
,외고집설렁탕,육개장,"15,000"
,외고집설렁탕,도가니탕,"25,000"
,외고집설렁탕,수육 (대),"70,000"
,외고집설렁탕,수육 (중),"50,000"
,외고집설렁탕,도가니수육,"65,000"
,젠제로,젤라또,"6,000"
,젠제로,버터,"7,000"
,젠제로,올리브 시트롱,"7,000"
,젠제로,금귤 홍차 타르트,"7,000"
,젠제로,포장 젤라또 (소),"22,000"
,시추안하우스 삼성점,마라 소고기 전골,"38,000"
,시추안하우스 삼성점,해산물 마라샹궈,"38,000"
,시추안하우스 삼성점,라즈지(순살),"31,000"
,시추안하우스 삼성점,꿔바로우,"29,000"
,시추안하우스 삼성점,마라 홍소족,"34,000"
,마노디셰프 삼성점,그릴드 치킨 & 시저 샐러드,"16,900"
,마노디셰프 삼성점,머쉬룸 샐러드,"16,900"
,마노디셰프 삼성점,할라피뇨 알리올리오 파스타,"17,900"
,마노디셰프 삼성점,그릴드 쉬림프&알리올리오 파스타,"18,900"
,마노디셰프 삼성점,스파이시 미트 피자,"17,900"
,바이킹스워프 코엑스점,성인,
,바이킹스워프 코엑스점,어린이 (36개월 이상~만 12세),
,더라운드 삼성점,포도씨유짜장면 (Regular),"15,000"
,더라운드 삼성점,삼선짬뽕 (Regular),"24,000"
,더라운드 삼성점,소고기 마라탕면 (Regular),"24,000"
,더라운드 삼성점,XO볶음밥 (Regular),"18,000"
,더라운드 삼성점,해선덮밥 (Regular),"24,000"
,김돈이 본점,흑도새기 (600g),"57,000"
,김돈이 본점,백도새기 (600g),"48,000"
,김돈이 본점,김치찌개국밥,"10,000"
,김돈이 본점,김치찌개,"7,000"
,이대성의 진면목,닭도리탕,"25,000"
,이대성의 진면목,아귀꽃찜,"25,000"
,이대성의 진면목,등심칼국수,"9,000"
,이대성의 진면목,복칼국수,"9,000"
,이대성의 진면목,평양식만두,"6,000"
,팀호완 삼성점,차슈바오 번,"8,000"
,팀호완 삼성점,샤오마이 (3pcs),"6,500"
,팀호완 삼성점,차슈 라이스 롤 (3pcs),"8,000"
,팀호완 삼성점,사천식 완탕 (4pcs),"9,000"
,팀호완 삼성점,연잎밥,"8,000"
,붓처스컷 삼성점,베이컨 할라피뇨 퍼프,"19,000"
,붓처스컷 삼성점,타이 망고 샐러드,"22,000"
,붓처스컷 삼성점,깔라마리 튀김,"22,000"
,붓처스컷 삼성점,피쉬 앤 칩스,"23,000"
,붓처스컷 삼성점,한우 안심스테이크 (200g),"67,000"
,대도식당 삼성점,한우생등심(1인분),"46,000"
,테라로사 코엑스점,아메리카노 어센틱,"5,000"
,테라로사 코엑스점,카페라떼,"5,500"
,테라로사 코엑스점,브라질 그란자 사오 프란시스코,"6,500"
,테라로사 코엑스점,에티오피아 구지 함벨라,"6,000"
,테라로사 코엑스점,로얄 얼그레이 티,"5,000"
,흑돈가 삼성역점,흑돼지 생 오겹살 (150g),"18,000"
,흑돈가 삼성역점,흑돼지 생 목살 (160g),"18,000"
,흑돈가 삼성역점,항정살 (150g),"18,000"
,흑돈가 삼성역점,양념갈비구이 (250g),"18,000"
,흑돈가 삼성역점,벌집껍데기 (150g),"7,000"
,조인바이트,시저 샐러드 (디너),"19,000"
,조인바이트,봉골레 파스타 (디너),"22,000"
,조인바이트,버섯&크림 리조또 (디너),"22,000"
,조인바이트,티본 스테이크 (500g) (디너),"98,000"
,조인바이트,스튜 (디너),"29,000"
,이남장 삼성점,설렁탕 (보통),"10,000"
,이남장 삼성점,내장탕 (보통),"11,000"
,이남장 삼성점,족탕,"25,000"
,이남장 삼성점,수육 (소),"45,000"
,이남장 삼성점,맛수육,"25,000"
,비야게레로,까르니따 따꼬,"4,600"
,비야게레로,초리소 따꼬,"4,400"
,장정정,스테이크 덮밥 정식,"12,000"
,장정정,칠리새우 덮밥 정식,"10,000"
,장정정,오믈렛 카레정식,"9,000"
,장정정,숯불고리 덮밥 정식,"9,000"
,장정정,갈비통새우 완탕면 정식,"9,000"
,차이린,사천식 고추 닭고기 (R),"29,000"
,차이린,XO소스 공심채,"17,000"
,차이린,특선 짜장면,"7,000"
,차이린,게살스프 (1인분),"9,000"
,차이린,사천식 마파두부 (R),"25,000"
,일일향 삼성점,오이 땅콩냉채,"25,000"
,일일향 삼성점,가지튀김,"35,000"
,일일향 삼성점,오향족발,"38,000"
,일일향 삼성점,짜장면,"6,000"
,일일향 삼성점,옛날짬뽕,"8,000"
,일일향 삼성점,옛날볶음밥+후라이,"8,000"
,일일향 삼성점,잡채볶음밥+후라이,"11,000"
,평가옥 삼성점,접시만두 (6개),"11,000"
,평가옥 삼성점,녹두지짐 (2장),"14,000"
,평가옥 삼성점,평양 물냉면,"13,000"
,평가옥 삼성점,평양 물냉면 (곱배기),"16,000"
,평가옥 삼성점,평양 비빔냉면,"13,000"
,평가옥 삼성점,평양 비빔냉면 (곱배기),"16,000"
,그랜드인터컨티넨탈 서울파르나스 그랜드키친,아침,"65,000"
,그랜드인터컨티넨탈 서울파르나스 그랜드키친,성인 저녁 (주중 & 주말),"145,000"
,그랜드인터컨티넨탈 서울파르나스 그랜드키친,성인 점심 (주말),"145,000"
,그랜드인터컨티넨탈 서울파르나스 그랜드키친,성인 점심 (주중),"125,000"
,식물원282,디너,
,식물원282,디쉬,
,식물원282,런치,
,식물원282,음료,
,고반식당 삼성점,숙성 생삼겹살,"15,000"
,고반식당 삼성점,숙성 생목살,"15,000"
,고반식당 삼성점,돈치맛살(항정살),"15,000"
,고반식당 삼성점,등심덧살(가브리살),"15,000"
,고반식당 삼성점,돈안창(갈매기살),"15,000"
,고반식당 삼성점,한우차돌박이,"28,000"
,브루클린더버거조인트 삼성점,더치즈버거 (140g),"7,800"
,브루클린더버거조인트 삼성점,브루클린웍스 (140g),"9,800"
,브루클린더버거조인트 삼성점,크.림. (140g),"9,800"
,브루클린더버거조인트 삼성점,죠지크럼 (140g),"9,800"
,브루클린더버거조인트 삼성점,치즈스커트 (140g),"10,300"
,카페노티드 삼성,에스프레소,"3,000"
,카페노티드 삼성,아메리카노,"4,000"
,카페노티드 삼성,카페라떼,"5,000"
,카페노티드 삼성,밀크 티,"6,000"
,카페노티드 삼성,레몬에이드,"5,500"
,탐라도야지,오겹살 (1인분),"14,000"
,탐라도야지,삼겹살 (1인분),"13,000"
,탐라도야지,목살 (1인분),"13,000"
,탐라도야지,이베리코목살 (1인분),"15,000"
,탐라도야지,한우차돌박이 (1인분),"18,000"
,탐라도야지,갈비살 (1인분),"14,000"
,잇쇼우,잇쇼우정식,"12,000"
,잇쇼우,붓가케정식,"12,000"
,잇쇼우,수제생등심돈가스,"9,000"
,잇쇼우,김치가츠나베,"10,000"
,아우정,살치살(130g),"55,000"
,아우정,꽃등심(130g),"48,000"
,아우정,안창살(130g),"58,000"
,아우정,육전(150g),"35,000"
,아우정,육회(150g),"35,000"
,수다 삼성1호점,나가사키짬뽕탕,"28,000"
,수다 삼성1호점,차돌박이 숙주볶음,"26,000"
,수다 삼성1호점,모듬사시미,"75,000"
,수다 삼성1호점,도미사시미,"35,000"
,수다 삼성1호점,광어사시미,"33,000"
,수다 삼성1호점,수다 덴뿌라,"28,000"
,수다 삼성1호점,모듬꼬치,"29,000"
,수다 삼성1호점,아보카도 명란구이,"24,000"
,홍차가게 청담,아메리카노,"6,000"
,홍차가게 청담,카페라떼,"6,500"
,홍차가게 청담,밀크티(4종),"7,500"
,홍차가게 청담,스콘,변동가격
,제주은희네해장국 선릉직영점,해장국,"9,000"
,제주은희네해장국 선릉직영점,내장탕,"10,000"
,제주은희네해장국 선릉직영점,돔베고기(소),"12,000"
,수다 삼성2호점,소고기 타다끼,"27,000"
,수다 삼성2호점,차돌떡볶이,"28,000"
,수다 삼성2호점,메로구이,"28,000"
,수다 삼성2호점,명란 계란말이,"15,000"
,수다 삼성2호점,치명적인 감자전,"24,000"
,수다 삼성2호점,곱창전골,"32,000"
,수다 삼성2호점,곱창 숙주볶음,"27,000"
,명인등심 삼성직영점,한우 특등심 (150g),"45,000"
,명인등심 삼성직영점,한우 특등심 주물럭 (150g),"45,000"
,명인등심 삼성직영점,한우 육회 (150g),"38,000"
,명인등심 삼성직영점,시골 된장죽,"7,000"
,명인등심 삼성직영점,"한우 육사시미 (150g) (화,수,목 한정)","45,000"
,진대감 삼성점,한우차돌박이,"28,000"
,진대감 삼성점,한우차돌삼합,"28,000"
,진대감 삼성점,날치알볶음밥,"5,000"
,진대감 삼성점,한우꽃게된장찌개,"10,000"
,진대감 삼성점,시원한 묵사발,"8,000"
,진대감 삼성점,구수한누룽지,"8,000"
,진대감 삼성점,한우차돌짬뽕라면,"10,000"
,진대감 삼성점,한우1++생등심,"45,000"
,진대감 삼성점,한우파김치전골,"55,000"
,진대감 삼성점,키조개관자장or새조개장비빔밥,"10,000"
,살루쪼,토마토 카프레제,"16,000"
,살루쪼,판자렐라,"17,000"
,살루쪼,풍기 크래마,"18,000"
,살루쪼,스위드 잉크,"19,000"
,살루쪼,알리오 올리오,"16,000"
,살루쪼,봉골레,"18,000"
,살루쪼,제노베제,"19,000"
,구을가,천겹살 반상,"29,000"
,구을가,안심 반상,"39,000"
,구을가,뚝배기 순두부짬뽕,"13,000"
,구을가,뼈시락국,"12,000"
,삼성리,Carbonara with Bacon,"26,000"
,삼성리,"Vongole with Scallop,Clam","27,000"
,삼성리,Basil Pesto Cream with Scallop&Shrimp,"28,000"
,삼성리,Puttanesca with Polpo,"28,000"
,삼성리,White Ragu&Black Truffle,"32,000"
,목포명가 삼성점,전어 회덮밥,"15,000"
,목포명가 삼성점,꼬막 비빔밥,"12,000"
,목포명가 삼성점,낙지 비빔밥,"10,000"
,목포명가 삼성점,활어 회덮밥,"10,000"
,목포명가 삼성점,백합넣은 생대구 맑은탕,"18,000"
,고메램 삼성점,모둠 양갈비(450g),"60,000"
,고메램 삼성점,생 양고기 살치살(150g),"24,000"
,고메램 삼성점,생 양고기 등심(150g),"24,000"
,고메램 삼성점,생 양갈비(220g),"27,000"
,고메램 삼성점,고급 양갈비(220g),"28,000"
,봉산집,차돌박이,"31,000"
,봉산집,양,"28,000"
,봉산집,아롱사태,"30,000"
,봉산집,차돌된장찌개,"10,000"
,봉산집,양밥,"20,000"
,하동관 코엑스몰직영점,곰탕 (보),"13,000"
,하동관 코엑스몰직영점,수육 (중),"30,000"
,하동관 코엑스몰직영점,25공 곰탕,"25,000"
,하동관 코엑스몰직영점,20공 곰탕,"20,000"
,하동관 코엑스몰직영점,고기와 내장이 올려진 특곰탕,"15,000"
,더차이홍 삼성점,짜장면,"6,000"
,더차이홍 삼성점,짬뽕,"7,000"
,더차이홍 삼성점,탕우수육 (Small),"25,000"
,더차이홍 삼성점,칠리 중새우 (Small),"35,000"
,더차이홍 삼성점,깐풍기 (Small),"23,000"
,인기명 삼성점,랍스터조갈찜 C (4인),"163,000"
,인기명 삼성점,조갈찜 B (3인),"83,000"
,인기명 삼성점,조갈찜 C (4인),"103,000"
,인기명 삼성점,랍스터조갈찜 B (3인),"113,000"
,인기명 삼성점,조개찜 B (3인),"69,000"
,인기명 삼성점,조개찜 C (4인),"89,000"
,인기명 삼성점,랍스터조개찜 B (3인),"99,000"
,인기명 삼성점,랍스터조개찜 C (4인),"149,000"
,인기명 삼성점,황제조갈찜,"229,000"
,피에프창 코엑스몰점,몽골리안 비프,"29,800"
,피에프창 코엑스몰점,창스 치킨 레터스 랩,"18,800"
,피에프창 코엑스몰점,런치 메뉴,"13,900"
,피에프창 코엑스몰점,디저트 (커피 포함),"6,000"
,꽃지 삼성점,간장게장 특정식,"35,000"
,꽃지 삼성점,간장게장 정식,"29,000"
,꽃지 삼성점,간장게장 세트 (1인),"15,000"
,꽃지 삼성점,양념게장(대),"57,000"
,꽃지 삼성점,간장게장 백반,"12,000"
,꽃지 삼성점,뚝배기 꽃게탕,"9,000"
,꽃지 삼성점,게살 비빔밥,"19,000"
,꽃지 삼성점,꽃게범벅 (대),"70,000"
,꽃지 삼성점,꽃게범벅 (소),"50,000"
,꽃지 삼성점,해물갈비찜 (대),"58,000"
,꽃지 삼성점,해물갈비찜 (소),"48,000"
,꽃지 삼성점,대하튀김,"30,000"
,해우리 선릉L7점,[점심]보리굴비정식,"32,000"
,해우리 선릉L7점,[점심]묵은지고등어조림,"16,000"
,해우리 선릉L7점,[점심]간장게장정식,"27,000"
,해우리 선릉L7점,[점심]해초고등어한상,"14,000"
,해우리 선릉L7점,[점심]전복뚝배기,"18,000"
,해우리 선릉L7점,[점심]해우리특정식,"42,000"
,해우리 선릉L7점,[점심]장어정식,"35,000"
,해우리 선릉L7점,[저녁]해우리VIP특선,"90,000"
,해우리 선릉L7점,[저녁]해우리특선,"78,000"
,해우리 선릉L7점,[저녁]주방장특선,"68,000"
,해우리 선릉L7점,[저녁]모둠특선,"58,000"
,해우리 선릉L7점,[저녁]해우리저녁한상,"40,000"
,투뿔등심고담 삼성점,한우 육회(130g),"28,000"
,투뿔등심고담 삼성점,투뿔 숙성 등심(150g),"42,000"
,투뿔등심고담 삼성점,투뿔 숙성 안심(150g),"43,000"
,투뿔등심고담 삼성점,꽃등심(150g),"48,000"
,투뿔등심고담 삼성점,마파 깍두기(등심)(150g),"43,000"
,곰바위,곱창 전골,"35,000"
,곰바위,불고기 전골,"30,000"
,곰바위,한우 육회 냉면,"19,000"
,곰바위,곰바위 홍탕,"17,000"
,곰바위,갈비탕,"17,000"
,곰바위,설렁탕,"12,000"
,곰바위,한우 육회 비빔밥,"15,000"
,곰바위,백 양곰탕,"11,000"
,곰바위,냉면,"9,000"
,곰바위,한우육회비빔밥 (점심),"15,000"
,곰바위,뚝배기불고기,"10,000"
,곰바위,냉면 (점심),"9,000"
,곰바위,곰바위 홍탕 (점심),"17,000"
,곰바위,갈비탕 (점심),"17,000"
,곰바위,설렁탕 (점심),"12,000"
,곰바위,백 양곰탕 (점심),"11,000"
,곰바위,소고기국밥,"8,000"
,멘야미코 청담역점,메밀국수,
,오더에스프레소,아메리카노,"4,000"
,오더에스프레소,카페라떼,"5,000"
,오더에스프레소,오더 솔트,"6,500"
,오더에스프레소,오더 더치,"6,500"
,오더에스프레소,오더 크림치즈,"6,500"
,인터컨티넨탈서울코엑스 브래서리,조식,"55,000"
,인터컨티넨탈서울코엑스 브래서리,점심(주중),"95,000"
,인터컨티넨탈서울코엑스 브래서리,점심(주말),"115,000"
,인터컨티넨탈서울코엑스 브래서리,저녁,"115,000"
,아이수마,알리오 올리오,"15,000"
,아이수마,새우 베이컨 크림 파스타,"16,000"
,아이수마,새우 날치알 크림 파스타,"20,000"
,아이수마,과일치즈 샐러드,"16,000"
,아이수마,스테이크 샐러드,"20,009"
,박서방순대국밥 삼성본점,순대국밥,"8,000"
,박서방순대국밥 삼성본점,모듬순대 (소),"20,000"
,박서방순대국밥 삼성본점,머리고기,"15,000"
,박서방순대국밥 삼성본점,술국,"10,000"
,박서방순대국밥 삼성본점,오소리,"10,000"
,예천유산균한우정육타운,한우꽃등심 (160g),"34,000"
,예천유산균한우정육타운,한우숙성안심 (160g),"40,000"
,예천유산균한우정육타운,한우갈비살 (160g),"36,000"
,예천유산균한우정육타운,한우명품차돌 (160g),"27,000"
,사람사는 고깃집 김일도 삼성코엑스점,김일도한판 (700g),"54,000"
,사람사는 고깃집 김일도 삼성코엑스점,삼겹살 (160g),"16,000"
,사람사는 고깃집 김일도 삼성코엑스점,꽃목살 (160g),"16,000"
,사람사는 고깃집 김일도 삼성코엑스점,항정살 (150g),"17,000"
,사람사는 고깃집 김일도 삼성코엑스점,가브리살 (150g),"17,000"
,사람사는 고깃집 김일도 삼성코엑스점,갈매기살 (150g),"17,000"
,사람사는 고깃집 김일도 삼성코엑스점,양념소갈빗살 (150g),"19,000"
,사람사는 고깃집 김일도 삼성코엑스점,수제소세지 (120g),"7,000"
,사람사는 고깃집 김일도 삼성코엑스점,속풀이된장술밥,"7,000"
,사람사는 고깃집 김일도 삼성코엑스점,깍두기볶음밥,"7,000"
,사람사는 고깃집 김일도 삼성코엑스점,청국장찌개,"7,000"
,허머스키친 삼성점,Hummus,"8,900"
,허머스키친 삼성점,Black Hummus,"9,200"
,허머스키친 삼성점,Green Hummus,"9,200"
,허머스키친 삼성점,Spicy Hummus,"9,200"
,허머스키친 삼성점,Hummus with Beef,"12,800"
,허머스키친 삼성점,Hummus with Lamb,"12,800"
,허머스키친 삼성점,Hummus with Avocado,"12,800"
,허머스키친 삼성점,Hummus with Falatel,"12,800"
,허머스키친 삼성점,Hummus Sampler,"13,300"
,허머스키친 삼성점,Beef Shakshuka,"23,200"
,허머스키친 삼성점,Moussaka,"23,200"
,허머스키친 삼성점,Chicken Tikka Masala,"23,200"
,허머스키친 삼성점,Chicken Curry with Fried Rice Ball,"23,200"
,허머스키친 삼성점,Arabian Seafood Stew,"23,800"
,허머스키친 삼성점,Mixed Cheese on Pitta,"19,800"
,허머스키친 삼성점,Hummus Avocado on Pitta,"23,800"
,허머스키친 삼성점,Hummus Beef on Pitta,"23,800"
,허머스키친 삼성점,Brisket and Cheese on Pitta,"23,800"
,허머스키친 삼성점,Arabian Brunch,"16,300"
,허머스키친 삼성점,Curry & Rice Brunch,"14,800"
,금복당,문어삼합,"55,000"
,금복당,파문어통데침 (소),"70,000"
,금복당,참골뱅이,"33,000"
,금복당,포항식물회,"33,000"
,금복당,생감자전 (한장),"10,000"
,벽돌집60-5,생갈비살 (국내산 150g),"14,000"
,벽돌집60-5,갈매기살 (국내산 150g),"15,000"
,벽돌집60-5,항정살 (국내산 150g),"16,000"
,벽돌집60-5,황제살 (스페인산 이베리코 150g),"17,000"
,애니홀,직화 불고기 덮밥,"7,500"
,애니홀,수제 돈가스,"7,800"
,애니홀,까르보나라 파스타,"9,300"
,애니홀,직화 쭈꾸미 덮밥,"8,500"
,애니홀,버섯 크림 리조또,"8,900"
,애니홀,마르게리따 피자,"13,300"
,애니홀,고르곤졸라 피자,"14,800"
,애니홀,스파이시 페퍼로니 피자,"14,800"
,애니홀,베이컨 포테이토 스푼피자,"13,300"
,애니홀,리코타 치즈 샐러드,"9,800"
,애니홀,케이준 치킨 샐러드,"8,900"
,애니홀,치즈나쵸,"9,500"
,애니홀,먹태구이,"13,500"
,애니홀,치킨 가라아게,"13,500"
,애니홀,포모도로파스타,"8,300"
,애니홀,알리오올리오 파스타,"8,900"
,애니홀,날치알&새우 파스타,"9,800"
,애니홀,떡갈비 로제 파스타,"9,800"
,애니홀,치킨 아라비아따 파스타,"9,800"
,애니홀,해물 짬뽕 파스타,"9,800"
,애니홀,게살 커리 리조또,"9,800"
,애니홀,해물 토마토 리조또,"9,800"
,애니홀,그린 샐러드,"6,800"
,애니홀,유자 샐러드 피자,"15,300"
,애니홀,크리스피 치킨,"17,000"
,애니홀,간장갈릭 치킨,"19,000"
,애니홀,데리야끼 치킨볶음,"14,500"
,애니홀,직화쭈꾸미&소면,"14,500"
,애니홀,골뱅이&소면,"15,500"
,애니홀,직화불닭발&주먹밥,"14,500"
,애니홀,치킨 퀘사디아,"12,500"
,애니홀,감바스 알 아히요,"14,500"
,애니홀,토마토 카프레제,"11,500"
,애니홀,까르보 떡볶이,"12,500"
,애니홀,모듬 소세지,"14,500"
,애니홀,후라이드 포테이토,"8,500"
,애니홀,나가사키 짬뽕,"16,000"
,애니홀,해물 짬뽕탕,"16,000"
,애니홀,번데기탕,"8,000"
,애니홀,모듬포,"17,500"
,애니홀,쥐포땅콩,"9,500"
,애니홀,노가리,"9,500"
,애니홀,클라우드 생맥주,"4,000"
,애니홀,테라 생맥주,"4,000"
,애니홀,참이슬,"4,000"
,애니홀,처음처럼,"4,000"
,애니홀,이즈백,"4,000"
,호신각,짜장면,"6,000"
,호신각,고추쟁반짜장,"8,000"
,호신각,차돌박이짬뽕,"8,000"
,호신각,게살볶음밥,"9,000"
,호신각,삼선짬뽕밥,"9,000"
,아웃백스테이크하우스 코엑스점,스테이크 앤 스테이크 세트,"77,800"
,아웃백스테이크하우스 코엑스점,시그니처 파티세트,"97,900"
,아웃백스테이크하우스 코엑스점,더블 머쉬룸 스테이크,"39,900"
,아웃백스테이크하우스 코엑스점,아웃백 스페셜 갈릭 스테이크,"35,900"
,아웃백스테이크하우스 코엑스점,투움바 파스타,"25,900"
,아웃백스테이크하우스 코엑스점,베이비 백립,"39,900"
,비언유주얼,주말 및 Dinner Course (2Table),"109,000"
,비언유주얼,주말 및 Dinner Course (1Table),"149,000"
,비언유주얼,평일 Lunch Course (2Table),"89,000"
,비언유주얼,프로포즈 대관 (Private Room),"380,000"
,비언유주얼,평일 Lunch Course (1Table),"129,000"
,멍텅구리꼼장어막창 삼성동본점,양념꼼장어,"14,000"
,멍텅구리꼼장어막창 삼성동본점,갈비살,"13,000"
,멍텅구리꼼장어막창 삼성동본점,초벌삼겹살,"13,000"
,교대이층집 삼성점,꽃삼겹(150g),"15,000"
,교대이층집 삼성점,통삼겹(160g),"15,000"
,교대이층집 삼성점,통목살(160g),"15,000"
,교대이층집 삼성점,통항정살(150g),"16,000"
,교대이층집 삼성점,"차돌박이(한우1++, 150g)","25,000"
,교대이층집 삼성점,"채끝등심(한우1++, 150g)","36,000"
,교대이층집 삼성점,해물냄비 추가,"10,000"
,교대이층집 삼성점,버섯칼국수,"7,000"
,교대이층집 삼성점,시골된장찌개,"7,000"
,교대이층집 삼성점,김치찌개,"7,000"
,교대이층집 삼성점,[후식] 냉면(물/비빔),"6,500"
,교대이층집 삼성점,[점심] 시골 된장찌개,"8,000"
,교대이층집 삼성점,[점심] 김치 찌개,"8,000"
,교대이층집 삼성점,[점심] 한돈제육볶음(2인 이상),"8,000"
,교대이층집 삼성점,[점심] 소고기국밥,"8,000"
,교대이층집 삼성점,[점심] 김치부대전골(2인 이상),"8,000"
,교대이층집 삼성점,[점심] 냉면 (물/비빔),"7,500"
,교대이층집 삼성점,볶음밥 한 판,"10,000"
,레스토랑라이프,PREMIUM HAN-WOO COURSE,"200,000"
,홍백,홍백 생고기,변동가격
,홍백,홍백 육회,변동가격
,홍백,홍빽 뼈없는 생갈비살,변동가격
,홍백,홍백 정통 꽃등심,변동가격
,홍백,한우 선지 콩나물 해장국,변동가격
,칠백식당 삼성직영점,칠백 한우모듬 (150g),"29,000"
,칠백식당 삼성직영점,칠백 한우육사시미 (200g),"27,000"
,칠백식당 삼성직영점,칠백 된장찌개,"3,000"
,칠백식당 삼성직영점,곤드레밥,"2,000"
,칠백식당 삼성직영점,짱아찌국수,"6,000"
,어반81,아메리카노,"3,500"
,어반81,그린티라떼,"6,000"
,어반81,밀크티,"6,000"
,하나샤부정,샤브샤브,"16,000"
,그릴1492 삼성1호점,눈꽃 삼겹살 (180g),"14,000"
,그릴1492 삼성1호점,양갈비 (200g),"27,000"
,그릴1492 삼성1호점,1492부대전골,"10,000"
,그릴1492 삼성1호점,치즈계란찜,"5,000"
,남원추어탕,추어탕,"12,000"
,남원추어탕,추어명품군만두,"12,000"
,남원추어탕,추어튀김 (소),"14,000"
,남원추어탕,추어명품만두,"12,000"
,남원추어탕,손두부부침,"5,000"
,스타벅스 스타필드코엑스몰 R점,퍼플 사워 블렌디드,"6,300"
,스타벅스 스타필드코엑스몰 R점,딸기 아사이 레모네이드 스타벅스 리프레셔,"5,900"
,스타벅스 스타필드코엑스몰 R점,커피 드로잉 말차 프라푸치노,"6,300"
,스타벅스 스타필드코엑스몰 R점,오늘의 커피,"4,200"
,스타벅스 스타필드코엑스몰 R점,카푸치노,"5,000"
,스타벅스 스타필드코엑스몰 R점,카페 라떼,"5,000"
,스타벅스 스타필드코엑스몰 R점,카페 모카,"5,500"
,스타벅스 스타필드코엑스몰 R점,카페 아메리카노,"4,500"
,스타벅스 스타필드코엑스몰 R점,카라멜 마키아또,"5,900"
,스타벅스 스타필드코엑스몰 R점,화이트 초콜릿 모카,"5,900"
,스타벅스 스타필드코엑스몰 R점,스타벅스 돌체 라떼,"5,900"
,스타벅스 스타필드코엑스몰 R점,자바 칩 프라푸치노,"6,300"
,스타벅스 스타필드코엑스몰 R점,망고 바나나 블렌디드,"6,300"
,스타벅스 스타필드코엑스몰 R점,아이스 자몽 허니 블랙 티,"5,700"
,스타벅스 스타필드코엑스몰 R점,자몽 허니 블랙 티,"5,700"
,스타벅스 스타필드코엑스몰 R점,콜드 브루,"4,900"
,스타벅스 스타필드코엑스몰 R점,디카페인 카페 아메리카노,"4,800"
,스타벅스 스타필드코엑스몰 R점,디카페인 카페 라떼,"5,300"
,스타벅스 스타필드코엑스몰 R점,제주 유기농 말차로 만든 라떼,"6,100"
,스타벅스 스타필드코엑스몰 R점,돌체 콜드 브루,"6,000"
,블랙랩,에스프레소,"3,000"
,블랙랩,아메리카노,"3,500"
,블랙랩,카페라떼,"4,500"
,블랙랩,스위스 초콜릿 라떼,"4,500"
,블랙랩,플레인 요거트,"4,500"
,사까나야바로바로 선릉점,모듬사시미,"30,000"
,사까나야바로바로 선릉점,연어사시미,"23,000"
,사까나야바로바로 선릉점,광어사시미,"25,000"
,사까나야바로바로 선릉점,참치사시미,"35,000"
,사까나야바로바로 선릉점,전복사시미,"20,000"
,미성양꼬치 삼성점,고급양갈비 (1인분),"19,000"
,미성양꼬치 삼성점,오돌뼈꼬치 (10꼬치),"12,000"
,미성양꼬치 삼성점,꿔보로우,"18,000"
,미성양꼬치 삼성점,어향가지,"16,000"
,미성양꼬치 삼성점,향라대하,"18,000"
,데블스도어 코엑스점,Mexican Caesar Salad,"15,000"
,데블스도어 코엑스점,Beef Chop Steak Salad,"16,000"
,데블스도어 코엑스점,Classic American Pizza,"16,000"
,데블스도어 코엑스점,Creamy Carbonara Pizza,"16,000"
,데블스도어 코엑스점,Ultimate Devil's Burger,"16,000"
,백세주마을 삼성점,남도 꼬막 무침,"23,000"
,백세주마을 삼성점,통영산 생굴초회,"22,000"
,백세주마을 삼성점,통영산 굴 부추전,"19,000"
,백세주마을 삼성점,동영산 굴 부추전,"19,000"
,백세주마을 삼성점,매콤아귀 고사리찜,"21,000"
,백세주마을 삼성점,250 오븐 장어구이,"25,000"
,맥도날드 강남삼성DT점,더블 빅맥,
,맥도날드 강남삼성DT점,빅맥BLT,
,타이거슈가 삼성로점,흑당 홍차라떼 with 크림,"4,200"
,타이거슈가 삼성로점,흑당 홍차라떼,"4,200"
,타이거슈가 삼성로점,흑당 그린티라떼,"4,200"
,타이거슈가 삼성로점,흑당 클래식 홍차,"3,100"
,타이거슈가 삼성로점,흑당 쟈스민 그린티,"3,100"
,경평면옥,평양냉면,"11,000"
,경평면옥,비빔냉면,"11,000"
,경평면옥,온면,"11,000"
,경평면옥,경평손만두 (반접시),"6,000"
,경평면옥,경평어복쟁반 (소),"50,000"
,성북동청국장,육회 비빔밥,"11,000"
,성북동청국장,갈비살 (170g),"17,000"
,성북동청국장,왕실갈비 (170g),"17,000"
,성북동청국장,육회 (250g),"35,000"
,성북동청국장,등심 (170g),"39,000"
,몰트바 배럴,위스키테이스팅코스,"50,000"
,전통백암순대국 삼성점,추천국밥 (보통),"10,000"
,전통백암순대국 삼성점,국밥 (특),"12,000"
,전통백암순대국 삼성점,정식,"15,000"
,전통백암순대국 삼성점,술국,"20,000"
,전통백암순대국 삼성점,오소리감투,"15,000"
,전통백암순대국 삼성점,토종순대 小,"16,000"
,전통백암순대국 삼성점,토종순대 中,"24,000"
,전통백암순대국 삼성점,토종순대 大,"31,000"
,전통백암순대국 삼성점,모듬수육 中,"28,000"
,전통백암순대국 삼성점,모듬수육 大,"33,000"
,전통백암순대국 삼성점,순대곱창철판볶음,"33,000"
,전통백암순대국 삼성점,철판세트,"51,000"
,전통백암순대국 삼성점,토종세트 中,"42,000"
,전통백암순대국 삼성점,토종세트 大,"49,000"
,전통백암순대국 삼성점,모듬세트 中,"46,000"
,전통백암순대국 삼성점,모듬세트 大,"51,000"
,이화원,동파육,"45,000"
,이화원,광동식탕수육,"45,000"
,이화원,게살두부,"40,000"
,이화원,가상두부,"40,000"
,이화원,마파두부,"35,000"
,이화원,팔진홍소두부,"45,000"
,수림복국 서울점,까치복지리,"15,000"
,수림복국 서울점,복불고기정식A,"17,000"
,수림복국 서울점,복불고기정식B,"22,000"
,수림복국 서울점,까치복생지리,"20,000"
,수림복국 서울점,참복생지리,"30,000"
,수림복국 서울점,활참복지리,"55,000"
,차이797 삼성점,소룽보 (4pcs),"9,000"
,차이797 삼성점,마라 소룽보 (4pcs),"9,500"
,차이797 삼성점,소마이 (4pcs),"8,500"
,차이797 삼성점,전복야채 춘권 (4pcs),"10,000"
,차이797 삼성점,콘샐러드 춘권 (4pcs),"8,500"
,소문난집,닭도리탕,"28,000"
,소문난집,낙지볶음,"25,000"
,소문난집,동태탕,"20,000"
,소문난집,해물알탕,"18,000"
,소문난집,모시조개탕,"18,000"
,모요,모듬 사시미(2-3인),"49,000"
,모요,광어 해삼내장 무침,"30,000"
,모요,항정살 사토야키,"23,000"
,모요,토리노 남반 아게,"23,000"
,모요,카키 나베,"25,000"
,피그인더가든 코엑스점,클래식 시저,"9,900"
,피그인더가든 코엑스점,파워 보울,"11,900"
,피그인더가든 코엑스점,연어 포케,"12,900"
,피그인더가든 코엑스점,로티세리 치킨 아보 라이스,"13,900"
,피그인더가든 코엑스점,크리스피 포크벨리 플레이트,"13,900"
,피그인더가든 코엑스점,훈제 오리구이 플레이트,"14,900"
,피그인더가든 코엑스점,로티세리 치킨 플레이트,"15,900"
,피그인더가든 코엑스점,그릴 연어스테이크 플레이트,"15,900"
,피그인더가든 코엑스점,에그 마요 샌드위치,"7,900"
,피그인더가든 코엑스점,로티세리 치킨 아보 샌드위치,"8,900"
,케르반 코엑스몰점,새펄드 샐러드,"12,000"
,케르반 코엑스몰점,치킨 그린 샐러드,"15,500"
,케르반 코엑스몰점,후쿠스,"7,900"
,케르반 코엑스몰점,무타발,"7,900"
,케르반 코엑스몰점,믹스 에피타이저,"16,000"
,언더프레셔 삼성점,아메리카노,"3,800"
,언더프레셔 삼성점,에스프레소,"3,800"
,언더프레셔 삼성점,콜드브루,"4,500"
,언더프레셔 삼성점,라떼 40,"4,600"
,언더프레셔 삼성점,로얄 밀크티,"5,000"
,언더프레셔 삼성점,유기농 귀리 라떼,"5,500"
,언더프레셔 삼성점,에그 샌드위치,"3,400"
,언더프레셔 삼성점,버터 크로플,"3,500"
,언더프레셔 삼성점,시나몬 크로플,"3,500"
,언더프레셔 삼성점,치즈 크로플,"3,900"
,치폴라로쏘 삼성점,비프 라이스,"14,800"
,치폴라로쏘 삼성점,머쉬룸 라이스,"14,800"
,치폴라로쏘 삼성점,씨 푸드 라이스,"15,800"
,치폴라로쏘 삼성점,토마토 씨푸드 리조또,"16,800"
,치폴라로쏘 삼성점,데리야끼 치킨 리조또,"17,800"
,치폴라로쏘 삼성점,크림 씨 푸드 리조또,"17,800"
,치폴라로쏘 삼성점,칠리 씨푸드 리조또,"17,800"
,치폴라로쏘 삼성점,고르곤졸라 피자,"17,800"
,치폴라로쏘 삼성점,마르게리타 피자,"18,800"
,치폴라로쏘 삼성점,디아블로 피자,"19,800"
,치폴라로쏘 삼성점,콰뜨로 피자,"19,800"
,치폴라로쏘 삼성점,갈릭 눈꽃 피자,"19,800"
,치폴라로쏘 삼성점,트러플 피자,"19,800"
,치폴라로쏘 삼성점,C.R.T 피자,"21,000"
,치폴라로쏘 삼성점,크란베리 피자,"18,800"
,치폴라로쏘 삼성점,복분자 피자,"21,000"
,치폴라로쏘 삼성점,스테이크 피자,"24,800"
,치폴라로쏘 삼성점,어니언 크림 스테이크,"46,000"
,치폴라로쏘 삼성점,치킨 스테이크 앤 라이스,"18,000"
,치폴라로쏘 삼성점,스테이크 앤 라이스,"21,000"
,이자카야한잔 삼성본점,한잔 스페셜 세트,"109,000"
,이자카야한잔 삼성본점,한잔 추천세트,"49,000"
,이자카야한잔 삼성본점,소고기타다끼,"19,000"
,이자카야한잔 삼성본점,참치타다끼,"19,000"
,이자카야한잔 삼성본점,참치육회,"25,000"
,르푸도레,에스프레소,"4,100"
,르푸도레,아메리카노,"4,100"
,르푸도레,크림아몬드,"5,300"
,르푸도레,딸기라임,"6,000"
,르푸도레,유기농얼그레이,"4,500"
,황소곱창,양구이 (150g),"28,000"
,황소곱창,곱창 (180g),"25,000"
,황소곱창,대창 (200g),"25,000"
,황소곱창,막창 (150g),"25,000"
,황소곱창,소갈비살 (150g),"16,000"
,황소곱창,대구생왕막창(돼지막창),"15,000"
,사이드쇼,차돌박이 떡볶이 (small),"19,000"
,사이드쇼,통오징어 떡볶이 (small),"19,000"
,사이드쇼,매운까르보나라 떡볶이 (small),"17,000"
,사이드쇼,즉석떡볶이 (small),"15,000"
,사이드쇼,곱창 떡볶이 (small),"21,000"
,아야진생태찌개 본점,생태찌개,"18,000"
,아야진생태찌개 본점,콩나물 코다리찜 (중),"35,000"
,아야진생태찌개 본점,통문어 (소),변동가격
,아야진생태찌개 본점,골뱅이 (소),변동가격
,맑은바닷가,장어덮밥 (점심메뉴),"12,000"
,맑은바닷가,활어회덮밥 (점심메뉴),"12,000"
,맑은바닷가,해물 된장 뚝배기 (점심메뉴),"10,000"
,맑은바닷가,낙지비빔밥 (점심메뉴),"10,000"
,맑은바닷가,연어덮밥 (점심메뉴),"10,000"
,용호낙지 강남점,낙새,"10,000"
,용호낙지 강남점,낙차새,"12,000"
,용호낙지 강남점,낙곱새,"12,000"
,용호낙지 강남점,용호전골 (소),"38,000"
,용호낙지 강남점,낙곱새 (2인)+새우튀김,"34,000"
,용호낙지 강남점,용호전골+새우튀김 (소),"48,000"
,아도르,클래식,"2,500"
,아도르,시그니처,"3,000"
,아도르,밀크,"9,000"
,아도르,에콰도르,"9,000"
,아도르,녹차,"12,000"
,최우영식당 삼성점,광어초밥 (10P),"9,000"
,최우영식당 삼성점,연어초밥 (10P),"9,000"
,최우영식당 삼성점,소고기초밥 (10P),"18,000"
,최우영식당 삼성점,참치뱃살초밥 (10P),"18,000"
,최우영식당 삼성점,타코와사비,"10,000"
,이태리부대찌개 삼성점,등심부대전골 (중),"34,000"
,이태리부대찌개 삼성점,우삼겹부대볶음,"12,000"
,맥도날드 삼성역,더블 빅맥,
,맥도날드 삼성역,빅맥BLT,
,남도구들한정식 본점,보리굴비정식(2인),"45,000"
,남도구들한정식 본점,회덮밥,"10,000"
,남도구들한정식 본점,차돌된장,"10,000"
,남도구들한정식 본점,매생이낙지탕,"16,000"
,스템커피 코엑스점,리치화이트,"5,300"
,스템커피 코엑스점,아몬드코코넛,"5,300"
,스템커피 코엑스점,바나나초코라떼,"5,300"
,스템커피 코엑스점,에스프레소,"4,300"
,스템커피 코엑스점,아메리카노,"4,300"
,스템커피 코엑스점,라떼,"4,800"
,스템커피 코엑스점,플랫화이트,"4,800"
,아그라 코엑스점,PREMIUM SINGLE SET,"26,800"
,아그라 코엑스점,PREMIUM COUPLE SET,"49,900"
,아그라 코엑스점,PREMIUM TRIPLE SET,"74,800"
,아그라 코엑스점,PREMIUM FAMILY SET,"99,700"
,더플레이스 코엑스점,프레시 마르게리타 피자,"17,500"
,더플레이스 코엑스점,페코리노 아마트리치아나,"16,500"
,더플레이스 코엑스점,까르보나라 페투치니,"17,900"
,더플레이스 코엑스점,뽈립보 알리오 올리오,"21,900"
,더플레이스 코엑스점,리코타 프루타 샐러드,"12,900"
,삼성집,냉동삼겹살 (170g) (저녁식사),"12,000"
,삼성집,비빔국수 (저녁식사),"5,000"
,삼성집,김치찌개 (점심식사),"7,000"
,삼성집,된장찌개 (점심식사),"7,000"
,삼성집,순두부찌개 (점심식사),"7,000"
,원조한방정통삼계탕,한방반계탕,"7,500"
,원조한방정통삼계탕,한방삼계탕,"14,000"
,원조한방정통삼계탕,한방삼계탕 (특),"16,000"
,원조한방정통삼계탕,반계탕,"7,000"
,원조한방정통삼계탕,삼계탕,"13,000"
,도마다리뼈다귀감자탕,묵은지감자탕(소),"31,000"
,도마다리뼈다귀감자탕,뼈다귀감자탕(소),"28,000"
,도마다리뼈다귀감자탕,산묵어숙회,"36,000"
,도마다리뼈다귀감자탕,삼겹살,"14,000"
,도마다리뼈다귀감자탕,돌솥비빔밥,"8,000"
,폴바셋 코엑스몰점,리스트레토,"4,000"
,폴바셋 코엑스몰점,에스프레소,"4,000"
,폴바셋 코엑스몰점,카페라떼 (Standard),"5,300"
,폴바셋 코엑스몰점,카푸치노 (HOT Only),"5,300"
,폴바셋 코엑스몰점,시나몬 라떼,"5,800"
,폴바셋 코엑스몰점,룽고 (Standard),"4,700"
,폴바셋 코엑스몰점,룽고 (Grand),"5,200"
,폴바셋 코엑스몰점,아이스크림라떼 (Standard),"6,300"
,폴바셋 코엑스몰점,한라봉에이드,"6,000"
,킹크랩대게한상 삼성점,대게,"54,000"
,킹크랩대게한상 삼성점,랍스타,"54,000"
,킹크랩대게한상 삼성점,킹크랩,"64,000"
,킹크랩대게한상 삼성점,전복회 (중),"30,000"
,킹크랩대게한상 삼성점,광어회 (중),"30,000"
,김영모과자점 강남구청점,몽블랑,"7,500"
,스시산원,런치오마카세,
,스시산원,디너오마카세,
,스시산원,런치오마카세,
,스시산원,디너오마카세,
,닭으로가 삼성코엑스점,고춧가루닭갈비,"12,000"
,닭으로가 삼성코엑스점,고추장닭갈비,"13,000"
,닭으로가 삼성코엑스점,쟁반국수,"13,000"
,닭으로가 삼성코엑스점,부대찌개 (1인분),"8,000"
,닭으로가 삼성코엑스점,부대전골 (중),"27,000"
,스타벅스 선릉동신빌딩R점,퍼플 사워 블렌디드,"6,300"
,스타벅스 선릉동신빌딩R점,딸기 아사이 레모네이드 스타벅스 리프레셔,"5,900"
,스타벅스 선릉동신빌딩R점,커피 드로잉 말차 프라푸치노,"6,300"
,스타벅스 선릉동신빌딩R점,오늘의 커피,"4,200"
,스타벅스 선릉동신빌딩R점,카푸치노,"5,000"
,스타벅스 선릉동신빌딩R점,카페 라떼,"5,000"
,스타벅스 선릉동신빌딩R점,카페 모카,"5,500"
,스타벅스 선릉동신빌딩R점,카페 아메리카노,"4,500"
,스타벅스 선릉동신빌딩R점,카라멜 마키아또,"5,900"
,스타벅스 선릉동신빌딩R점,화이트 초콜릿 모카,"5,900"
,스타벅스 선릉동신빌딩R점,스타벅스 돌체 라떼,"5,900"
,스타벅스 선릉동신빌딩R점,자바 칩 프라푸치노,"6,300"
,스타벅스 선릉동신빌딩R점,망고 바나나 블렌디드,"6,300"
,스타벅스 선릉동신빌딩R점,아이스 자몽 허니 블랙 티,"5,700"
,스타벅스 선릉동신빌딩R점,자몽 허니 블랙 티,"5,700"
,스타벅스 선릉동신빌딩R점,콜드 브루,"4,900"
,스타벅스 선릉동신빌딩R점,디카페인 카페 아메리카노,"4,800"
,스타벅스 선릉동신빌딩R점,디카페인 카페 라떼,"5,300"
,스타벅스 선릉동신빌딩R점,제주 유기농 말차로 만든 라떼,"6,100"
,스타벅스 선릉동신빌딩R점,돌체 콜드 브루,"6,000"
,하루,런치오마카세 A(1인 기준),"25,000"
,하루,런치오마카세 B(1인 기준),"32,000"
,하루,오마카세(1인 기준),"40,000"
,하루,사시미 모리아와세(소),"35,000"
,하루,차돌박이 나가사키짬뽕,"23,000"
,물조은선주집,특정식 (1인분),"30,000"
,물조은선주집,회정식 (1인분),"20,000"
,물조은선주집,물회 (1인분),"20,000"
,물조은선주집,활회덮밥 (1인분),"15,000"
,물조은선주집,회초밥 (1인분),"15,000"
,물조은선주집,도다리 쑥국 (1인분),"15,000"
,물조은선주집,물메기탕 (1인분),"10,000"
,물조은선주집,생대구탕 (1인분),"10,000"
,물조은선주집,알탕 (1인분),"7,000"
,물조은선주집,대구탕 (1인분),"7,000"
,물조은선주집,알밥 (1인분),"6,000"
,딤딤섬 파르나스몰점,새우 부추 교자(4pcs),"6,500"
,딤딤섬 파르나스몰점,소야 치킨(Half),"14,000"
,딤딤섬 파르나스몰점,가지딤섬(3pcs),"5,500"
,딤딤섬 파르나스몰점,새우 창펀,"8,500"
,딤딤섬 파르나스몰점,오리구이 덮밥,"11,000"
,문배동육칼 삼성직영점,양지수육,"30,000"
,문배동육칼 삼성직영점,양지수육맛보기,"15,000"
,문배동육칼 삼성직영점,육개장 전골세트(소),"30,000"
,문배동육칼 삼성직영점,육개장전골세트(대),"40,000"
,문배동육칼 삼성직영점,도토리무침,"12,000"
,아메리칸테이블,아메리카노,"5,000"
,아메리칸테이블,루이보스,"7,000"
,아메리칸테이블,흑돼지 뼈등심 스테이크,"31,000"
,아메리칸테이블,시금치 고르곤졸라 피자,"22,000"
,아메리칸테이블,감바스,"18,000"
,돈주는남자,제주흑돈 (600g),"54,000"
,돈주는남자,제주백돈 (600g),"47,000"
,돈주는남자,김치찌개,"7,000"
,돈주는남자,매생이 너구리라면,"7,000"
,돈주는남자,꽃게 너구리라면,"8,000"
,서백자간장게장,간장게장,"35,000"
,서백자간장게장,큰 간장게장(게 한마리),"43,000"
,서백자간장게장,양념게장,"37,000"
,서백자간장게장,갈치구이,"38,000"
,서백자간장게장,아귀수육,"50,000"
,사계절,삼치사시미(대),"60,000"
,사계절,삼치사시미(소),"40,000"
,사계절,병어조림,"60,000"
,사계절,문어숙회,"60,000"
,사계절,병어사시미,변동가격
,사계절,민어사시미,변동가격
,사계절,전어사시미,변동가격
,란주쿠,사바 산도,"24,000"
,란주쿠,마라도후,"28,000"
,란주쿠,페투치니 고추장 라구 파스타,"28,000"
,란주쿠,게르치 명란구이,"38,000"
,란주쿠,킹크랩 숯불구이,"38,000"
,레트로오븐,통밀빵,"6,800"
,레트로오븐,브레첼,"3,500"
,레트로오븐,라우겐 크로와상,"4,000"
,레트로오븐,버터크로와상,"4,000"
,레트로오븐,잡곡식빵,"10,500"
,루나아시아,사모사 (2인기준),"50,000"
,루나아시아,탄두리치킨 (2인기준),"50,000"
,루나아시아,마살라 빠빠드 (2인기준),"70,000"
,루나아시아,새우수프 (2인기준),"70,000"
,루나아시아,피아즈 파코라 (2인기준),"70,000"
,르뱅룰즈 선릉점,르뱅 사워도우 half,"5,000"
,르뱅룰즈 선릉점,치아바타,"4,000"
,르뱅룰즈 선릉점,르뱅 바게트,"4,000"
,르뱅룰즈 선릉점,무화크림 바게트,"6,500"
,르뱅룰즈 선릉점,르뱅 쿠키,"4,000"
,르뱅룰즈 선릉점,고메 스콘,"4,000"
,르뱅룰즈 선릉점,아메리카노,"4,000"
,바이트샌드위치&샐러드,에그베이컨 샌드위치,"7,000"
,바이트샌드위치&샐러드,햄치즈 샌드위치,"6,500"
,바이트샌드위치&샐러드,멕시칸샐러드,"11,800"
,바이트샌드위치&샐러드,쉬림프샐러드,"8,500"
,바이트샌드위치&샐러드,바질파스타샐러드,"8,000"
,바이트샌드위치&샐러드,생연어아보카도샐러드,"11,800"
,바이트샌드위치&샐러드,카프레제샐러드,"8,000"
,바이트샌드위치&샐러드,리코타치즈샐러드,"8,300"
,바이트샌드위치&샐러드,수비드닭가슴살샐러드,"8,500"
,바이트샌드위치&샐러드,치킨바질페스토 샌드위치,"6,800"
,바이트샌드위치&샐러드,화이트런치롤(하프),"3,500"
,바이트샌드위치&샐러드,아메리카노,"3,000"
,바이트샌드위치&샐러드,라떼,"3,500"
,바이트샌드위치&샐러드,바닐라라떼,"3,800"
,바이트샌드위치&샐러드,카라멜라떼,"3,800"
,바이트샌드위치&샐러드,카페모카,"3,800"
,바이트샌드위치&샐러드,미숫가루,"3,800"
,바이트샌드위치&샐러드,핫초코,"3,800"
,바이트샌드위치&샐러드,말차라떼,"4,500"
,바이트샌드위치&샐러드,밀크티,"3,800"
,바이트샌드위치&샐러드,레몬생강차,"4,000"
,바이트샌드위치&샐러드,꿀자몽블랙,"4,000"
,바이트샌드위치&샐러드,하비스커스레몬,"4,000"
,바이트샌드위치&샐러드,메리골드,"4,000"
,바이트샌드위치&샐러드,아카시아,"4,000"
,바이트샌드위치&샐러드,청포도에이드,"4,000"
,바이트샌드위치&샐러드,석류레몬에이드,"4,000"
,바이트샌드위치&샐러드,자몽에이드,"4,000"
,바이트샌드위치&샐러드,깔라만시에이드,"4,000"
,바이트샌드위치&샐러드,매실에이드,"4,000"
,바이트샌드위치&샐러드,애플망고에이드,"4,000"
,바이트샌드위치&샐러드,케일스무디,"5,000"
,바이트샌드위치&샐러드,딸기바나나스무디,"5,000"
,바이트샌드위치&샐러드,트리플베리스무디,"5,000"
,바이트샌드위치&샐러드,아보카도스무디,"5,000"
,바이트샌드위치&샐러드,코코넛망고스무디,"5,000"
,오징어세상 삼성점,산오징어회,"18,000"
,오징어세상 삼성점,산오징어통찜,"20,000"
,오징어세상 삼성점,산오징어데침,"18,000"
,오징어세상 삼성점,광어회(중),"21,000"
,오징어세상 삼성점,도다리세꼬시,"35,000"
,명우돈가,통삼겹살(170g),"14,000"
,명우돈가,통목살(170g),"15,000"
,명우돈가,천겹살(170g),"16,000"
,명우돈가,흑돼지오겹살(170g),"16,000"
,명우돈가,엣날불고기정식(1인분),"11,000"
,명우돈가,한우육회비빔밥,"11,000"
,명우돈가,두루치기,"8,000"
,명우돈가,부대전골,"7,000"
,명우돈가,김치전골,"7,000"
,명우돈가,차돌된장,"7,000"
,명우돈가,왕계란말이,"7,000"
,명우돈가,비빔밥,"7,000"
,JVL부대찌개 삼성본점,JVL 부대찌개 (1인분),"8,000"
,JVL부대찌개 삼성본점,갈비 부대찌개 (1인분),"10,000"
,JVL부대찌개 삼성본점,우삼겹 철판구이,"25,000"
,JVL부대찌개 삼성본점,몽골리안 비프,"25,000"
,JVL부대찌개 삼성본점,모짜렐라 부대볶음,"20,000"
,매드포갈릭 봉은사아이파크타워점,Caesar Salad,"19,500"
,매드포갈릭 봉은사아이파크타워점,Garlic Hug Steak,"49,900"
,매드포갈릭 봉은사아이파크타워점,Garlic Sizzling Rice,"26,900"
,매드포갈릭 봉은사아이파크타워점,Garlic Snowing Pizza,"26,800"
,매드포갈릭 봉은사아이파크타워점,Garlic Steak,"49,500"
,매드포갈릭 봉은사아이파크타워점,Garlicpeno Pasta,"24,800"
,라스키친,한우 안심구이,"56,000"
,라스키친,한우 등심구이,"52,000"
,라스키친,한우 스테이크 토마토소스 파스타,"37,000"
,라스키친,쉬림프 알리오올리오,"22,000"
,라스키친,스파이시 갈릭치킨,"18,000"
,라스키친,해물 떡볶이,"18,000"
,라스키친,한우 찹스테이크,"38,000"
,푸세울닭,치킨,"17,000"
,푸세울닭,양념치킨,"18,000"
,푸세울닭,양반후반,"17,500"
,푸세울닭,오뎅탕,"15,000"
,푸세울닭,먹태,"15,000"
,프로간장게장 삼성동코엑스점,"간장게장(대,2마리)","97,000"
,프로간장게장 삼성동코엑스점,"간장게장(중,2마리)","78,000"
,프로간장게장 삼성동코엑스점,"양념게장(대,2마리)","101,000"
,프로간장게장 삼성동코엑스점,"양념게장(중,2마리)","82,000"
,프로간장게장 삼성동코엑스점,꽃게탕 (대),"95,000"
,프로간장게장 삼성동코엑스점,꽃게찜 (소),"73,000"
,써브웨이 삼성점,이탈리안비엠티,
,써브웨이 삼성점,풀드포크,
,써브웨이 삼성점,로스트 치킨,
,써브웨이 삼성점,미트볼,
,써브웨이 삼성점,에그마요,
,써브웨이 삼성점,참치,
,써브웨이 삼성점,터키 베이커 아보카도 찹 샐러드,
,써브웨이 삼성점,썹도그,
,훠궈야 파르나스몰점,마라샹궈,"19,900"
,문어앤치킨 삼성점,문어치킨plate,"33,000"
,문어앤치킨 삼성점,스위트간장 순살 크리스피,"19,000"
,문어앤치킨 삼성점,오리지날 순살 크리스피,"18,000"
,문어앤치킨 삼성점,바삭 간장 크런치 치킨,"19,000"
,문어앤치킨 삼성점,바삭 오리지날 크런치 치킨,"18,000"
,문어앤치킨 삼성점,옛날 후라이드치킨,"18,000"
,문어앤치킨 삼성점,옛날 간장치킨,"19,000"
,문어앤치킨 삼성점,양념치킨,"19,000"
,반포식스 선릉역점,연어샐러드,"18,000"
,반포식스 선릉역점,타이식 새우 샐러드,"18,000"
,반포식스 선릉역점,푸팟퐁커리,"28,000"
,반포식스 선릉역점,크림새우,"25,000"
,반포식스 선릉역점,베트남식 유린기,"20,000"
,스타벅스 청담공원점,퍼플 사워 블렌디드,"6,300"
,스타벅스 청담공원점,딸기 아사이 레모네이드 스타벅스 리프레셔,"5,900"
,스타벅스 청담공원점,커피 드로잉 말차 프라푸치노,"6,300"
,스타벅스 청담공원점,오늘의 커피,"4,200"
,스타벅스 청담공원점,카푸치노,"5,000"
,스타벅스 청담공원점,카페 라떼,"5,000"
,스타벅스 청담공원점,카페 모카,"5,500"
,스타벅스 청담공원점,카페 아메리카노,"4,500"
,스타벅스 청담공원점,카라멜 마키아또,"5,900"
,스타벅스 청담공원점,화이트 초콜릿 모카,"5,900"
,스타벅스 청담공원점,스타벅스 돌체 라떼,"5,900"
,스타벅스 청담공원점,자바 칩 프라푸치노,"6,300"
,스타벅스 청담공원점,망고 바나나 블렌디드,"6,300"
,스타벅스 청담공원점,아이스 자몽 허니 블랙 티,"5,700"
,스타벅스 청담공원점,자몽 허니 블랙 티,"5,700"
,스타벅스 청담공원점,콜드 브루,"4,900"
,스타벅스 청담공원점,디카페인 카페 아메리카노,"4,800"
,스타벅스 청담공원점,디카페인 카페 라떼,"5,300"
,스타벅스 청담공원점,제주 유기농 말차로 만든 라떼,"6,100"
,스타벅스 청담공원점,돌체 콜드 브루,"6,000"
,스타벅스 선정릉역,퍼플 사워 블렌디드,"6,300"
,스타벅스 선정릉역,딸기 아사이 레모네이드 스타벅스 리프레셔,"5,900"
,스타벅스 선정릉역,커피 드로잉 말차 프라푸치노,"6,300"
,스타벅스 선정릉역,오늘의 커피,"4,200"
,스타벅스 선정릉역,카푸치노,"5,000"
,스타벅스 선정릉역,카페 라떼,"5,000"
,스타벅스 선정릉역,카페 모카,"5,500"
,스타벅스 선정릉역,카페 아메리카노,"4,500"
,스타벅스 선정릉역,카라멜 마키아또,"5,900"
,스타벅스 선정릉역,화이트 초콜릿 모카,"5,900"
,스타벅스 선정릉역,스타벅스 돌체 라떼,"5,900"
,스타벅스 선정릉역,자바 칩 프라푸치노,"6,300"
,스타벅스 선정릉역,망고 바나나 블렌디드,"6,300"
,스타벅스 선정릉역,아이스 자몽 허니 블랙 티,"5,700"
,스타벅스 선정릉역,자몽 허니 블랙 티,"5,700"
,스타벅스 선정릉역,콜드 브루,"4,900"
,스타벅스 선정릉역,디카페인 카페 아메리카노,"4,800"
,스타벅스 선정릉역,디카페인 카페 라떼,"5,300"
,스타벅스 선정릉역,제주 유기농 말차로 만든 라떼,"6,100"
,스타벅스 선정릉역,돌체 콜드 브루,"6,000"
,클로리스티룸 코엑스몰점,아메리카노,"4,500"
,클로리스티룸 코엑스몰점,카페라떼,"5,500"
,클로리스티룸 코엑스몰점,클래식 아이스 밀크티,"6,000"
,클로리스티룸 코엑스몰점,로즈마리레몬,"6,800"
,클로리스티룸 코엑스몰점,하바네라아이스,"5,800"
,폴리스 파르나스몰점,버팔로 핫 윙 (6pcs),"6,500"
,폴리스 파르나스몰점,스윗 허니 핫 윙스 (6pcs),"7,000"
,폴리스 파르나스몰점,레몬 로즈마리 윙스 (6pcs),"7,500"
,폴리스 파르나스몰점,뉴욕치즈 피자 (13인치),"19,000"
,폴리스 파르나스몰점,페페로니 피자 (13인치),"22,000"
,하루방,칼국수,"6,000"
,하루방,쫄면,"6,000"
,하루방,야채 비빔밥,"6,000"
,하루방,소고기 국밥,"6,000"
,하루방,충무김밥,"6,000"
,아오끼,홀 저녁생선회,"30,000"
,르뱅룰즈,아메리카노,"4,000"
,르뱅룰즈,라뗴,"4,500"
,르뱅룰즈,바닐라라떼,"5,000"
,르뱅룰즈,아쿱라떼,"5,800"
,르뱅룰즈,바질잠봉뵈르,"8,000"
,르뱅룰즈,사워도우 half,"5,000"
,르뱅룰즈,치아바타,"4,000"
,르뱅룰즈,바게트,"4,000"
,불이아 삼성점,훠궈탕,"15,000"
,불이아 삼성점,샹라시아,"35,000"
,불이아 삼성점,라즈지 (소),"25,000"
,불이아 삼성점,진장로쓰 (소),"25,000"
,불이아 삼성점,꿔바로우 (소),"20,000"
,온더보더 코엑스도심공항점,얼티밋화이타,"46,500"
,그랜드인터컨티넨탈 서울파르나스 로비라운지&바,미네스트로 수프,"20,000"
,그랜드인터컨티넨탈 서울파르나스 로비라운지&바,부라타 토마토 샐러드,"25,000"
,그랜드인터컨티넨탈 서울파르나스 로비라운지&바,나폴라 스파케티,"28,000"
,그랜드인터컨티넨탈 서울파르나스 로비라운지&바,명란 크림 스파게티,"30,000"
,그랜드인터컨티넨탈 서울파르나스 로비라운지&바,해물쌀국수,"30,000"
,우마쿠라,장어 벤또,"18,000"
,우마쿠라,사케벤또,"13,000"
,우마쿠라,매운삼겹 전복찜,"29,000"
,우마쿠라,아나고 방풍나물 유비끼,"32,000"
,우마쿠라,양갈비 그릴,"35,000"
,빌리엔젤 삼성코엑스몰점,아메리카노(HOT),"4,600"
,빌리엔젤 삼성코엑스몰점,카페라떼(HOT),"5,300"
,빌리엔젤 삼성코엑스몰점,카페모카(HOT),"5,600"
,빌리엔젤 삼성코엑스몰점,바닐라라떼(HOT),"5,600"
,빌리엔젤 삼성코엑스몰점,카라멜마끼아또(HOT),"5,600"
,청담면옥,물냉면,"8,500"
,청담면옥,비빔냉면,"9,000"
,청담면옥,회냉면,"9,000"
,청담면옥,뚝배기불고기,"8,500"
,청담면옥,만두 (소),"5,000"
,사이드에이,비엠피티,"12,000"
,사이드에이,수란샐러드,"15,000"
,사이드에이,알리로 올리오,"15,000"
,사이드에이,블로네제,"15,000"
,사이드에이,그라탕 (1~2인용 작은 접시),"12,000"
,본가신의주찹쌀순대,순대국밥,"9,000"
,본가신의주찹쌀순대,콩나물순대국밥,"9,000"
,본가신의주찹쌀순대,냄비술국,"23,000"
,본가신의주찹쌀순대,매콤한 부추 순대 (소),"23,000"
,본가신의주찹쌀순대,모듬 (소),"28,000"
,전주순대국,순대국,"8,000"
,전주순대국,들깨 순두부,"7,000"
,전주순대국,생삼겹살(150g),"13,000"
,전주순대국,순대곱창볶음(소),"25,000"
,전주순대국,술국,"16,000"
,오스카,크리스피 치킨,"19,000"
,오스카,새우 아보카도 콥 샐러드,"17,000"
,오스카,소세지 플래터,"19,000"
,오스카,버팔러 윙&봉,"17,000"
,오스카,치즈피자 (1인분),"7,500"
,뽕사부 삼성점,짜장면,"7,000"
,뽕사부 삼성점,냉짬뽕,"8,500"
,뽕사부 삼성점,탕수육 (소),"17,000"
,뽕사부 삼성점,깐풍기 (소),"23,000"
,뽕사부 삼성점,크림중새우 (소),"31,000"
,인터컨티넨탈서울코엑스 스카이라운지,Il Brunch (주말/공휴일),"95,000"
,강남김밥,원조김밥,"3,000"
,강남김밥,유부김밥,"3,500"
,강남김밥,치즈김밥,"3,500"
,강남김밥,돈가스김밥,"4,000"
,강남김밥,불고기김밥,"4,500"
,페리지,페리지 에클레어,"4,000"
,페리지,피치 위드 봉골레,"22,000"
,글로브비스트로,리코타 샐러드,"16,000"
,글로브비스트로,토마토 부르스케타,"12,000"
,글로브비스트로,버섯 리조또,"20,000"
,글로브비스트로,클래식 라자냐,"25,000"
,글로브비스트로,치킨 그릴구이,"23,000"
,소연 삼성점,안동국시,"11,000"
,소연 삼성점,소연국수,"10,000"
,소연 삼성점,국밥,"11,000"
,소연 삼성점,떡만두국,"12,000"
,소연 삼성점,만두국,"12,000"
,스타벅스 코엑스몰점,퍼플 사워 블렌디드,"6,300"
,스타벅스 코엑스몰점,딸기 아사이 레모네이드 스타벅스 리프레셔,"5,900"
,스타벅스 코엑스몰점,커피 드로잉 말차 프라푸치노,"6,300"
,스타벅스 코엑스몰점,오늘의 커피,"4,200"
,스타벅스 코엑스몰점,카푸치노,"5,000"
,스타벅스 코엑스몰점,카페 라떼,"5,000"
,스타벅스 코엑스몰점,카페 모카,"5,500"
,스타벅스 코엑스몰점,카페 아메리카노,"4,500"
,스타벅스 코엑스몰점,카라멜 마키아또,"5,900"
,스타벅스 코엑스몰점,화이트 초콜릿 모카,"5,900"
,스타벅스 코엑스몰점,스타벅스 돌체 라떼,"5,900"
,스타벅스 코엑스몰점,자바 칩 프라푸치노,"6,300"
,스타벅스 코엑스몰점,망고 바나나 블렌디드,"6,300"
,스타벅스 코엑스몰점,아이스 자몽 허니 블랙 티,"5,700"
,스타벅스 코엑스몰점,자몽 허니 블랙 티,"5,700"
,스타벅스 코엑스몰점,콜드 브루,"4,900"
,스타벅스 코엑스몰점,디카페인 카페 아메리카노,"4,800"
,스타벅스 코엑스몰점,디카페인 카페 라떼,"5,300"
,스타벅스 코엑스몰점,제주 유기농 말차로 만든 라떼,"6,100"
,스타벅스 코엑스몰점,돌체 콜드 브루,"6,000"
,청담하게 본점,일본식 족발 숯불구이,"33,000"
,청담하게 본점,우설숯불구이,"30,000"
,청담하게 본점,모둠 덴뿌라,"35,000"
,청담하게 본점,유린기,"25,000"
,청담하게 본점,굴튀김,"23,000"
,알로하테이블 코엑스 파르나스몰점,포키 라이스보울,"15,500"
,알로하테이블 코엑스 파르나스몰점,알로하 버거,"14,000"
,알로하테이블 코엑스 파르나스몰점,비프 찹 스테이크,"26,800"
,알로하테이블 코엑스 파르나스몰점,해산물 볶음 사이민,"15,500"
,알로하테이블 코엑스 파르나스몰점,아보카도&쉬림프 까르보나라,"18,300"
,알로하테이블 코엑스 파르나스몰점,골든 코코넛 쉬림프,"13,500"
,알로하테이블 코엑스 파르나스몰점,로미로미 쉬림프 샐러드,"16,500"
,스노우폭스 선릉역점,아메리카노(HOT),"2,500"
,스노우폭스 선릉역점,카페라떼(HOT),"3,000"
,스노우폭스 선릉역점,목련꽃차(ICE),"4,900"
,스노우폭스 선릉역점,스트로베리로즈에이드,"4,500"
,스노우폭스 선릉역점,레몬에이드,"4,500"
,화평칼국수,바지락칼국수,"9,000"
,화평칼국수,개성왕만두,"8,000"
,화평칼국수,뚝배기만두국,"9,000"
,화평칼국수,쟁반냉모밀,"9,000"
,화평칼국수,비빔냉모밀,"9,000"
,에그슬럿 코엑스점,베이컨 에그 앤 치즈,"9,800"
,에그슬럿 코엑스점,치즈버거,"9,800"
,에그슬럿 코엑스점,가우츠,"14,800"
,에그슬럿 코엑스점,소시지 에그 앤 치즈,"9,300"
,에그슬럿 코엑스점,에그샐러드 샌드위치,"7,300"
,로네펠트티하우스 선릉점,아메리카노,"4,000"
,로네펠트티하우스 선릉점,카페라떼,"5,000"
,로네펠트티하우스 선릉점,바닐 밀크티,"9,000"
,로네펠트티하우스 선릉점,얼그레이,"8,000"
,로네펠트티하우스 선릉점,바닐라 루이보스,"8,000"
,시골진지상,보리굴비,"29,000"
,시골진지상,갈치구이,"29,000"
,시골진지상,간장게장,"35,000"
,시골진지상,모듬전,"70,000"
,시골진지상,전복찜,"80,000"
,스시히로바 삼성동본점,계란 초밥,"1,500"
,스시히로바 삼성동본점,유부 초밥,"1,500"
,스시히로바 삼성동본점,한치 초밥,"2,500"
,스시히로바 삼성동본점,오이 김초밥,"1,500"
,스시히로바 삼성동본점,낫또 군함김말이,"1,500"
,북앤레스트,아메리카노,"5,500"
,북앤레스트,카페라떼,"6,000"
,북앤레스트,티라미수라떼,"7,000"
,북앤레스트,얼그레이밀크티,"7,000"
,북앤레스트,스파클링패션후르츠,"6,500"
,우츠와,돈코츠 라멘,"8,000"
,우츠와,미소라멘,"8,000"
,우츠와,소유라멘,"8,000"
,우츠와,시오버터 라멘,"8,000"
,우츠와,츠케멘,"8,000"
,그때그집 본관,오돌뼈,"15,000"
,그때그집 본관,뼈없는닭발,"15,000"
,그때그집 본관,닭모래집,"15,000"
,그때그집 본관,모래집고추장볶음,"16,000"
,그때그집 본관,오뎅탕,"13,000"
,노브랜드버거 코엑스점,크리스피 상하이포크,
,노브랜드버거 코엑스점,NBB 어메이징,
,노브랜드버거 코엑스점,미트 마니아,
,노브랜드버거 코엑스점,인절미 치즈볼,
,노브랜드버거 코엑스점,NBB 오리지널,
,노브랜드버거 코엑스점,NBB 시그니처,
,노브랜드버거 코엑스점,치킨시저샐러드,
,노브랜드버거 코엑스점,어니언 도넛,
,노브랜드버거 코엑스점,아메리카노,
,노브랜드버거 코엑스점,감자튀김,
,삼성국수,칼국수,"9,000"
,삼성국수,만둣국,"9,000"
,삼성국수,수육,"35,000"
,삼성국수,모듬전,"27,000"
,로네펠트티하우스 코엑스점,홍차,"7,000"
,로네펠트티하우스 코엑스점,허브차,"7,000"
,로네펠트티하우스 코엑스점,과일차,"7,000"
,로네펠트티하우스 코엑스점,우롱차,"8,000"
,로네펠트티하우스 코엑스점,녹차,"8,000"
,송강민물장어,장어구이 1인분 (소금/간장/고추장),"34,000"
,송강민물장어,장어구이 정식 (소금/간장/고추장),"35,000"
,등심팩토리 삼성본점,숙성등심 (150g),"32,000"
,등심팩토리 삼성본점,숙성안심 (150g),"32,000"
,등심팩토리 삼성본점,육사시미 (200g),"27,000"
,등심팩토리 삼성본점,짱아찌국수,"6,000"
,등심팩토리 삼성본점,양지비냉,"7,000"
,하드워커,디아볼라 (12inch),"21,000"
,하드워커,콰트로 (12inch),"21,000"
,하드워커,화이트 트러플 머쉬룸 (12inch),"21,000"
,하드워커,치즈 (12inch),"18,000"
,하드워커,페퍼로니 (12inch),"21,000"
,하드워커,포테이토 (12inch),"21,000"
,하드워커,하와이안 (12inch),"21,000"
,하드워커,라구 (12inch),"23,000"
,하드워커,핫소스 버팔로윙 (8pcs) & 트러플 감자튀김,"14,000"
,하드워커,고앤고 (고기와 고추튀김) with 생와사비,"12,000"
,하드워커,허니버터 감자튀김,"8,000"
,하드워커,코울슬로,"2,000"
,하드워커,팝콘만두,"8,000"
,하드워커,프라이 도우스틱,"10,000"
,하드워커,칠리치즈프라이스,"12,000"
,하드워커,닭똥집 & 통마늘튀김,"10,000"
,하드워커,치즈볼 (4pcs),"5,000"
,앤헤이븐,토마토 부리타,"21,000"
,앤헤이븐,전복 리조또,"28,000"
,앤헤이븐,까르보나라,"25,000"
,앤헤이븐,레몬에이드,"12,000"
,앤헤이븐,사과 착즙 주스,"13,000"
,에드빗커피,아메리카노,"4,000"
,에드빗커피,카페라떼,"4,500"
,에드빗커피,플랫화이트,"4,500"
,에드빗커피,바닐라라떼,"5,000"
,강남식당,생삼겹살 (180g),"14,000"
,강남식당,급냉 얇은삼겹살 (180g),"13,000"
,강남식당,쭈꾸미삼겹살+야채계란찜,"13,000"
,강남식당,쭈꾸미철판요리+야채계란찜,"12,000"
,강남식당,뼈다귀 김치찜 (소),"28,000"
,홍대개미 파르나스몰점,스테이크 덮밥,"9,900"
,홍대개미 파르나스몰점,큐브스테이크 덮밥,"9,900"
,홍대개미 파르나스몰점,목살슬라이스 덮밥,"7,900"
,홍대개미 파르나스몰점,매운목살 덮밥,"8,500"
,홍대개미 파르나스몰점,치킨데리야끼 덮밥,"8,900"
,428레스토랑,HAN-WOO BEEF TARTARE,"30,000"
,428레스토랑,FRESH TRUFFLE VELOUTE PASTA,"35,000"
,428레스토랑,BEEF SHANK RAGU PASTA,"28,000"
,428레스토랑,PAN-SEARED SEA BASS STEAK,"36,000"
,428레스토랑,ROASTED CHOARA SPATCHCOOK CHICKEN,"45,000"
,교토가츠규 삼성오크우드점,살치살규카츠정식 (130g),"14,900"
,교토가츠규 삼성오크우드점,리얼스테이크동,"12,900"
,교토가츠규 삼성오크우드점,규카츠카레우동정식,"12,900"
,교토가츠규 삼성오크우드점,미조래살치살규카츠정식 (130g),"16,900"
,교토가츠규 삼성오크우드점,호바미소살치살규카츠정식 (130g),"19,900"
,더하노이 삼성본점,월남쌈 요리 (2인),"32,000"
,더하노이 삼성본점,소고기 쌀국수 (S),"8,000"
,더하노이 삼성본점,매운 소고기 쌀국수 (S),"8,500"
,더하노이 삼성본점,팟타이,"9,500"
,더하노이 삼성본점,해물 볶음 쌀국수,"9,500"
,샤이바나 코엑스점,씨푸드 잠발라야,"15,900"
,샤이바나 코엑스점,루이지애나 더티 라이스,"11,900"
,샤이바나 코엑스점,루이스 치즈 스파게티,"14,900"
,샤이바나 코엑스점,자이언트 밋볼 스파게티,"16,900"
,샤이바나 코엑스점,오리지널 마카로니&치즈(LARGE),"7,400"
,샤이바나 코엑스점,오리지널 마카로니&치즈(SMALL),"3,900"
,샤이바나 코엑스점,켄터키 치킨 샐러드,"13,900"
,샤이바나 코엑스점,빅보이 칠리 스파게트,"16,900"
,샤이바나 코엑스점,치즈러버 스파게티,"15,900"
,샤이바나 코엑스점,화이트 리치 크림 스파게티,"15,900"
,샤이바나 코엑스점,칠리 라이스,"12,900"
,샤이바나 코엑스점,칠리 마카로니 & 치즈,"10,900"
,샤이바나 코엑스점,백 립 플레이트 (싱글),"32,900"
,샤이바나 코엑스점,백 립 플레이트 (세트),"46,400"
,샤이바나 코엑스점,애플소스 스테이크 (싱글),"31,900"
,샤이바나 코엑스점,애플소스 스테이크 (세트),"45,400"
,샤이바나 코엑스점,서던 후라이드 치킨,"14,900"
,샤이바나 코엑스점,솔티드 치즈 프라이즈,"10,900"
,샤이바나 코엑스점,스팸 콜슬로,"4,900"
,샤이바나 코엑스점,바나나 푸딩,"6,900"
,샤이바나 코엑스점,프라이드 베지터블,"4,900"
,샤이바나 코엑스점,머스트 해브 세트,"13,500"
,샤이바나 코엑스점,버터 밀크 비스킷 1개,"3,000"
,스타벅스 코엑스사거리점,퍼플 사워 블렌디드,"6,300"
,스타벅스 코엑스사거리점,딸기 아사이 레모네이드 스타벅스 리프레셔,"5,900"
,스타벅스 코엑스사거리점,커피 드로잉 말차 프라푸치노,"6,300"
,스타벅스 코엑스사거리점,오늘의 커피,"4,200"
,스타벅스 코엑스사거리점,카푸치노,"5,000"
,스타벅스 코엑스사거리점,카페 라떼,"5,000"
,스타벅스 코엑스사거리점,카페 모카,"5,500"
,스타벅스 코엑스사거리점,카페 아메리카노,"4,500"
,스타벅스 코엑스사거리점,카라멜 마키아또,"5,900"
,스타벅스 코엑스사거리점,화이트 초콜릿 모카,"5,900"
,스타벅스 코엑스사거리점,스타벅스 돌체 라떼,"5,900"
,스타벅스 코엑스사거리점,자바 칩 프라푸치노,"6,300"
,스타벅스 코엑스사거리점,망고 바나나 블렌디드,"6,300"
,스타벅스 코엑스사거리점,아이스 자몽 허니 블랙 티,"5,700"
,스타벅스 코엑스사거리점,자몽 허니 블랙 티,"5,700"
,스타벅스 코엑스사거리점,콜드 브루,"4,900"
,스타벅스 코엑스사거리점,디카페인 카페 아메리카노,"4,800"
,스타벅스 코엑스사거리점,디카페인 카페 라떼,"5,300"
,스타벅스 코엑스사거리점,제주 유기농 말차로 만든 라떼,"6,100"
,스타벅스 코엑스사거리점,돌체 콜드 브루,"6,000"
,카페마마스 코엑스점,마마스시그니쳐,"18,500"
,카페마마스 코엑스점,리코타치즈 샐러드,"14,800"
,카페마마스 코엑스점,클럽 샌드위치,"12,800"
,카페마마스 코엑스점,모짜렐라토마토 파니니,"12,800"
,카페마마스 코엑스점,케일청포도 주스,"7,800"
,카페마마스 코엑스점,마마스 스프,"7,800"
,카페마마스 코엑스점,머쉬룸&리코타샌드위치,"14,500"
,카페마마스 코엑스점,무화과프로슈토햄샌드위치,"15,500"
,카페마마스 코엑스점,레몬에이드,"6,800"
,카페마마스 코엑스점,아메리카노,"4,800"
,카페마마스 코엑스점,더블치즈햄파니니,"12,800"
,카페마마스 코엑스점,소고기가지파니니,"15,500"
,광수사,점심정식,"25,000"
,광수사,생선초밥,"35,000"
,광수사,생선초밥 (특),"50,000"
,광수사,민어탕,"40,000"
,광수사,민어탕 (특),"50,000"
,광수사,영광보리굴비,"30,000"
,광수사,영광보리굴비 (특),"40,000"
,광수사,간장게장정식,"40,000"
,광수사,간장게장정식 (특),"50,000"
,광수사,(특) 민어초밥,"50,000"
,광수사,(특) 민어탕,"50,000"
,광수사,(특) 민어회덮밥,"50,000"
,광수사,(특) 생선초밥,"50,000"
,광수사,(특) 영광 보리굴비,"40,000"
,광수사,B정식,"50,000"
,광수사,C정식,"30,000"
,광수사,간장게장 정식,"40,000"
,광수사,간장게장 포장판매 (1kg),"60,000"
,광수사,간장게장 포장판매 (2kg),"120,000"
,광수사,간장게장 포장판매 (3kg),"180,000"
,바나프레소 삼성점,아메리카노,
,터틀스커피,아메리카노-생각할 시간,"4,100"
,터틀스커피,라떼-생각할 라떼,"4,500"
,터틀스커피,콜드브루,"5,000"
,터틀스커피,바닐라 퐁당,"5,300"
,터틀스커피,카카오-의식적 카카오,"4,200"
,고씨떡볶이 삼성점,야채 떡볶이 (2-3인),"12,000"
,고씨떡볶이 삼성점,차돌박이 떡볶이 (2-3인),"16,000"
,고씨떡볶이 삼성점,안심순살치킨 떡볶이 (2-3인),"16,000"
,고씨떡볶이 삼성점,왕새우튀김 떡볶이 (2-3인),"16,000"
,고씨떡볶이 삼성점,찰순대 떡볶이 (2-3인),"16,000"
,맥도날드 코엑스점,더블 빅맥,
,맥도날드 코엑스점,빅맥BLT,
,스타벅스 삼성도심공항점,퍼플 사워 블렌디드,"6,300"
,스타벅스 삼성도심공항점,딸기 아사이 레모네이드 스타벅스 리프레셔,"5,900"
,스타벅스 삼성도심공항점,커피 드로잉 말차 프라푸치노,"6,300"
,스타벅스 삼성도심공항점,오늘의 커피,"4,200"
,스타벅스 삼성도심공항점,카푸치노,"5,000"
,스타벅스 삼성도심공항점,카페 라떼,"5,000"
,스타벅스 삼성도심공항점,카페 모카,"5,500"
,스타벅스 삼성도심공항점,카페 아메리카노,"4,500"
,스타벅스 삼성도심공항점,카라멜 마키아또,"5,900"
,스타벅스 삼성도심공항점,화이트 초콜릿 모카,"5,900"
,스타벅스 삼성도심공항점,스타벅스 돌체 라떼,"5,900"
,스타벅스 삼성도심공항점,자바 칩 프라푸치노,"6,300"
,스타벅스 삼성도심공항점,망고 바나나 블렌디드,"6,300"
,스타벅스 삼성도심공항점,아이스 자몽 허니 블랙 티,"5,700"
,스타벅스 삼성도심공항점,자몽 허니 블랙 티,"5,700"
,스타벅스 삼성도심공항점,콜드 브루,"4,900"
,스타벅스 삼성도심공항점,디카페인 카페 아메리카노,"4,800"
,스타벅스 삼성도심공항점,디카페인 카페 라떼,"5,300"
,스타벅스 삼성도심공항점,제주 유기농 말차로 만든 라떼,"6,100"
,스타벅스 삼성도심공항점,돌체 콜드 브루,"6,000"
,슐미랭삼 선릉점,돼지국밥,
,슐미랭삼 선릉점,순대국밥,
,돈꼬레,생삼겹살 (200g),"15,000"
,돈꼬레,칠레삼겹살 (200g),"12,000"
,돈꼬레,한우차돌박이 (1++) (150g),"24,000"
,트라토리아모로,모짜렐라 치즈와 토마토 샐러드,"24,000"
,트라토리아모로,신선한 해산물 스파게티,"31,000"
,트라토리아모로,갑오징어 먹물로 만든 먹물 리조또,"28,000"
,트라토리아모로,팬에서 구워낸 양갈비(160g),"41,000"
,트라토리아모로,오늘의 생선요리,"35,000"
,스타벅스 삼성점,퍼플 사워 블렌디드,"6,300"
,스타벅스 삼성점,딸기 아사이 레모네이드 스타벅스 리프레셔,"5,900"
,스타벅스 삼성점,커피 드로잉 말차 프라푸치노,"6,300"
,스타벅스 삼성점,오늘의 커피,"4,200"
,스타벅스 삼성점,카푸치노,"5,000"
,스타벅스 삼성점,카페 라떼,"5,000"
,스타벅스 삼성점,카페 모카,"5,500"
,스타벅스 삼성점,카페 아메리카노,"4,500"
,스타벅스 삼성점,카라멜 마키아또,"5,900"
,스타벅스 삼성점,화이트 초콜릿 모카,"5,900"
,스타벅스 삼성점,스타벅스 돌체 라떼,"5,900"
,스타벅스 삼성점,자바 칩 프라푸치노,"6,300"
,스타벅스 삼성점,망고 바나나 블렌디드,"6,300"
,스타벅스 삼성점,아이스 자몽 허니 블랙 티,"5,700"
,스타벅스 삼성점,자몽 허니 블랙 티,"5,700"
,스타벅스 삼성점,콜드 브루,"4,900"
,스타벅스 삼성점,디카페인 카페 아메리카노,"4,800"
,스타벅스 삼성점,디카페인 카페 라떼,"5,300"
,스타벅스 삼성점,제주 유기농 말차로 만든 라떼,"6,100"
,스타벅스 삼성점,돌체 콜드 브루,"6,000"
,KFC 강남구청역점,떡볶킨블랙라벨치킨 8조각,"24,500"
,KFC 강남구청역점,떡볶킨블랙라벨치킨 5조각,"15,800"
,KFC 강남구청역점,떡볶킨블랙라벨치킨 3조각,"9,800"
,KFC 강남구청역점,떡볶킨블랙라벨치킨 1조각,"3,500"
,KFC 강남구청역점,스콜쳐베이직박스,"8,800"
,KFC 강남구청역점,스콜쳐베이직세트,"7,600"
,KFC 강남구청역점,스콜쳐버거베이직,"5,600"
,KFC 강남구청역점,콘찡어바이트 8조각,"2,900"
,육성급,통돼지국물김치찜정식,"10,000"
,육성급,칼제육볶음정식,"9,000"
,육성급,해물순두부정식,"8,000"
,버거킹 삼성중앙역점,텍사스칠리와퍼 세트,"10,800"
,버거킹 삼성중앙역점,텍사스칠리치킨버거 세트,"9,700"
,버거킹 삼성중앙역점,텍사스칠리와퍼 팩1,"20,000"
,버거킹 삼성중앙역점,텍사스칠리와퍼 팩2,"20,000"
,버거킹 삼성중앙역점,텍사스칠리와퍼 팩3,"20,000"
,버거킹 삼성중앙역점,기네스와퍼 세트,"11,000"
,버거킹 삼성중앙역점,텍사스칠리와퍼 팩4,"20,000"
,버거킹 삼성중앙역점,콰트로치즈와퍼 세트,"10,400"
,버거킹 삼성중앙역점,불고기와퍼세트,"9,600"
,버거킹 삼성중앙역점,갈릭불고기와퍼 세트,"10,000"
,버거킹 삼성중앙역점,기네스머쉬룸와퍼 세트,"11,400"
,버거킹 삼성중앙역점,기네스콰트로치즈와퍼 세트,"11,000"
,버거킹 삼성중앙역점,스태커 2 와퍼 세트,"12,200"
,버거킹 삼성중앙역점,스태커 3 와퍼 세트,"14,200"
,버거킹 삼성중앙역점,스태커 4 와퍼 세트,"16,200"
,버거킹 삼성중앙역점,몬스터와퍼 세트,"11,000"
,버거킹 삼성중앙역점,할라피뇨와퍼 세트,"10,400"
,버거킹 삼성중앙역점,통새우와퍼세트,"10,400"
,버거킹 삼성중앙역점,베이컨치즈와퍼세트,"10,400"
,버거킹 삼성중앙역점,리얼 와퍼 세트,"9,600"
,브라운돈까스 선릉점,등심돈까스,"8,000"
,브라운돈까스 선릉점,안심돈까스,"8,500"
,브라운돈까스 선릉점,정식돈까스,"9,500"
,브라운돈까스 선릉점,매운돈까스,"8,500"
,브라운돈까스 선릉점,까르보나라돈까스,"9,000"
,브라운돈까스 선릉점,콤보돈까스,"9,000"
,브라운돈까스 선릉점,데리돈까스,"9,500"
,인터컨티넨탈서울코엑스 아시안라이브,아시안 스페셜 (런치),"115,000"
,인터컨티넨탈서울코엑스 아시안라이브,아시안 스페셜 (디너),"150,000"
,양평해장국,양평해장국,"9,000"
,양평해장국,뼈해장국,"9,000"
,양평해장국,막은 나주곰탕,"9,000"
,양평해장국,내장탕,"11,000"
,양평해장국,냉면,"8,000"
,경복궁블랙 오크우드점,런치양념갈비한정식,"60,000"
,경복궁블랙 오크우드점,런치숯불갈비살한정식,"45,000"
,경복궁블랙 오크우드점,양념갈비코스,"75,000"
,경복궁블랙 오크우드점,한우생등심코스,"100,000"
,경복궁블랙 오크우드점,주말생갈비세트,"65,000"
,무월식탁 파르나스점,간장새우덮밥,"12,000"
,무월식탁 파르나스점,수제돈까스,"11,000"
,무월식탁 파르나스점,제주흑돼지제육쌈밥,"11,000"
,무월식탁 파르나스점,벌교꼬막비빔밥,"12,000"
,무월식탁 파르나스점,옛날소불고기쌈밥,"12,500"
,무월식탁 파르나스점,낙지삼겹살덮밥,"11,800"
,무월식탁 파르나스점,곤드레비빔밥,"10,000"
,무월식탁 파르나스점,바베큐비빔국수,"10,500"
,우가네,전주 콩나물국밥,"7,000"
,우가네,돌솥비빔밥,"7,000"
,우가네,뚝배기불고기,"7,000"
,우가네,왕솥뚜껑 생삼겹살 (180g),"14,000"
,우가네,왕솥뚜껑 생목살 (180g),"14,000"
,이태리부대찌개 삼성봉은사역점,부대찌개,"8,000"
,이태리부대찌개 삼성봉은사역점,부대전골,"9,000"
,이태리부대찌개 삼성봉은사역점,우삼겹부대전골 (대),"40,000"
,이태리부대찌개 삼성봉은사역점,우삼겹부대전골 (중),"32,000"
,이태리부대찌개 삼성봉은사역점,등심부대전골 (대),"42,000"
,이태리부대찌개 삼성봉은사역점,등심부대전골 (중),"34,000"
,이태리부대찌개 삼성봉은사역점,우삼겹/등심부대전골 (대),"42,000"
,이태리부대찌개 삼성봉은사역점,우삼겹/등심부대전골 (중),"34,000"
,이태리부대찌개 삼성봉은사역점,부대볶음,"10,000"
,이태리부대찌개 삼성봉은사역점,우삼겹부대볶음,"12,000"
,이태리부대찌개 삼성봉은사역점,돈가스,"6,000"
,친친,친친 특냉채(Small),"55,000"
,친친,친친 특냉채(Regular),"75,000"
,친친,해산물 냉채(Small),"50,000"
,친친,해산물 냉채(Regular),"70,000"
,친친,해물누룽지탕(Small),"50,000"
,세광양대창 삼성점,대창구이(200g),"16,000"
,세광양대창 삼성점,막창구이(180g),"16,000"
,세광양대창 삼성점,특양구이(130g),"19,000"
,세광양대창 삼성점,소갈비(220g),"28,000"
,세광양대창 삼성점,곱창전골(2인 이상),"18,000"
,세광양대창 삼성점,김치우동,"7,000"
,세광양대창 삼성점,냉면(물/비빔),"7,000"
,세광양대창 삼성점,계란찜,"4,000"
,세광양대창 삼성점,모듬구이(꽃대창+대창+막창+특양),"49,000"
,세광양대창 삼성점,꽃대창(150g),"14,000"
,세광양대창 삼성점,양볶음밥(2인 분량),"14,000"
,세광양대창 삼성점,[점심특선메뉴] 냉면(물/비빔),"7,000"
,세광양대창 삼성점,채끝등심1++,"38,000"
,화수사,화수사정식,
,화수사,스페셜사시미,
,화수사,특사시미,
,화수사,장어구이정식,
,화수사,도미머리양념구이,
,화수사,간장게장정식,
,화수사,정식,
,화수사,스페셜초밥,
,화수사,정식(주말점심),
,황금복국,참복수육,"48,000"
,황금복국,모듬회,"45,000"
,황금복국,전복회,"35,000"
,황금복국,복순살후라이드,"23,000"
,황금복국,복탕수육,"25,000"
,배꼽집,런치 LA갈비정식 (1인분),"29,000"
,배꼽집,디너 LA갈비정식 (1인분),"32,000"
,배꼽집,한우안심 (150g),"56,000"
,배꼽집,한우치맛살 (150g),"58,000"
,배꼽집,한우사태곰탕,"13,000"
,배꼽집,배꼽스페셜 특,"150,000"
,배꼽집,한우스페셜 대,"125,000"
,배꼽집,한우스페셜 중,"83,000"
,배꼽집,명품갈비탕,"18,000"
,배꼽집,고기된장,"11,000"
,배꼽집,한돈김치찌개,"11,000"
,배꼽집,육회비빔밥,"14,000"
,배꼽집,차돌된장,"13,000"
,배꼽집,안동국밥,"13,000"
,배꼽집,양곰탕,"14,000"
,배꼽집,배꼽곱창전골,"22,000"
,배꼽집,아롱사태수육,"25,000"
,배꼽집,육회냉면,"17,000"
,배꼽집,평양냉면,"13,000"
,배꼽집,꽃게장정식,"25,000"
,배꼽집,한우불고기버섯전골,"25,000"
,배꼽집,옥돔정식,"33,000"
,꼬꼬트,카르보나라,"12,000"
,꼬꼬트,슈림프 바질페스토 파스타,"16,000"
,꼬꼬트,오이스터 리조또,"18,000"
,꼬꼬트,아구 토마토 소테,"32,000"
,꼬꼬트,오이스터 그라탕&머쉬룸 샐러드,"24,000"
,삼성동커피볶는집,아메리카노(HOT),"3,500"
,삼성동커피볶는집,카페라떼(HOT),"4,000"
,삼성동커피볶는집,페퍼민트(HOT),"4,000"
,삼성동커피볶는집,홍차(HOT),"4,000"
,삼성동커피볶는집,레몬차(HOT),"4,000"
,일상정원 코엑스점,구름 스키야키(관서식),"20,000"
,일상정원 코엑스점,미소 스키야키(관동식),"16,000"
,일상정원 코엑스점,한우육회 텐동,"16,000"
,일상정원 코엑스점,우나기동,"25,000"
,일상정원 코엑스점,붓카게 우동(계절 메뉴),"13,000"
,일상정원 코엑스점,전복 버터구이,"29,000"
,샐러디 삼성점,칠리베이컨 웜볼,
,샐러디 삼성점,시저치킨 샐러디,
,샐러디 삼성점,콥 샐러디,
,샐러디 삼성점,치킨토마토 샌드,
,샐러디 삼성점,시저치킨 랩,
,샐러디 삼성점,칠리베이컨 웜랩,
,샐러디 삼성점,우삼겹 웜볼,
,쉐즈알렉스,추천사워도우,"9,000"
,쉐즈알렉스,추천크루와상,"3,500"
,쉐즈알렉스,바게트,"3,500"
,쉐즈알렉스,브리오슈 번,"2,000"
,쉐즈알렉스,골든식빵,"7,000"
,쉐즈알렉스,플레인식빵,"5,500"
,쉐즈알렉스,치아바타,"4,000"
,쉐즈알렉스,100% 호밀빵 1/4,"4,000"
,쉐즈알렉스,Caf Chez,"4,000"
,쉐즈알렉스,Caf Latte,"6,000"
,쉐즈알렉스,Cappuccino,"6,000"
,쉐즈알렉스,Citr n Soda,"7,000"
,쉐즈알렉스,Berry Soda,"7,000"
,쉐즈알렉스,뺑오쇼콜라,"4,000"
,쉐즈알렉스,브런치,
,스시한판 코엑스점,활어회덮밥 (8pcs),"13,500"
,스시한판 코엑스점,모듬롤 (8pcs),"13,500"
,스시한판 코엑스점,연어롤 (8pcs),"13,500"
,스시한판 코엑스점,새우튀김롤 (8pcs),"13,500"
,스시한판 코엑스점,타코야끼 (6pcs),"6,000"
,스시한판 코엑스점,새우튀김 (3pcs),"5,000"
,스시한판 코엑스점,새우튀김 (1pcs),"2,000"
,스시한판 코엑스점,미니우동,"3,000"
,스시한판 코엑스점,연어샐러드,"13,000"
,스시한판 코엑스점,계란 (2pcs),"2,000"
,스시한판 코엑스점,유부 (2pcs),"2,000"
,스시한판 코엑스점,초새우 (2pcs),"3,000"
,스시한판 코엑스점,생새우 (2pcs),"4,000"
,스시한판 코엑스점,광어 (2pcs),"4,000"
,스시한판 코엑스점,광어지느러미 (2pcs),"5,000"
,스시한판 코엑스점,연어 (2pcs),"4,000"
,스시한판 코엑스점,연어직화구이 (2pcs),"4,500"
,스시한판 코엑스점,타코와사비연어말이 (2pcs),"5,000"
,스시한판 코엑스점,연어알 (2pcs),"6,000"
,스시한판 코엑스점,연어알연어말이 (2pcs),"7,000"
,드코닝 코엑스몰점,아메리카노,"4,500"
,드코닝 코엑스몰점,카페라떼,"5,000"
,드코닝 코엑스몰점,초콜릿 라떼,"5,000"
,드코닝 코엑스몰점,플레인 요거트,"6,500"
,드코닝 코엑스몰점,레몬에이드,"6,500"
,W스타일도넛 강남점,사과크림,"4,500"
,W스타일도넛 강남점,맛있어서킹받네,"3,800"
,W스타일도넛 강남점,감동의 티라미수,"5,200"
,W스타일도넛 강남점,치즈크라운,"4,800"
,W스타일도넛 강남점,블루베리왕자,"4,800"
,W스타일도넛 강남점,커스타드슈크림캔디,"4,500"
,한우옛날곱창,곱창구이 (150g),"19,000"
,한우옛날곱창,대창구이 (150g),"18,000"
,한우옛날곱창,특양구이 (150g),"22,000"
,한우옛날곱창,꽃살 (150g),"16,000"
,한우옛날곱창,염통 (150g),"10,000"
,디퀸즈 뉴코엑스점,새우&버섯 샐러드,"17,000"
,디퀸즈 뉴코엑스점,풍기 피자,"20,500"
,디퀸즈 뉴코엑스점,새우 날치알 크림 파스타,"17,500"
,디퀸즈 뉴코엑스점,성게알 로제 파스타,"20,000"
,디퀸즈 뉴코엑스점,그릴드 머쉬룸 샐러드,"13,900"
,디퀸즈 뉴코엑스점,봉골레 스프 파스타,"14,900"
,디퀸즈 뉴코엑스점,치즈 갈릭 대창 파스타,"18,500"
,디퀸즈 뉴코엑스점,함박 스테이크 로제 파스타,"14,900"
,디퀸즈 뉴코엑스점,프로슈토&루꼴라 플랫피자,"18,000"
,디퀸즈 뉴코엑스점,모짜렐라 치킨 그라탕,"15,000"
,디퀸즈 뉴코엑스점,스테이크 크림 리조또,"19,000"
,호토모토 선정릉역점,믹스카츠동,"6,700"
,호토모토 선정릉역점,돈코츠라멘,"6,700"
,호토모토 선정릉역점,계란규동,"6,200"
,호토모토 선정릉역점,카츠카레,"6,700"
,호토모토 선정릉역점,치킨마요,"4,700"
,그랜드마오 코엑스몰점,탕수육 (S),"29,000"
,그랜드마오 코엑스몰점,찹쌀 탕수육 (S),"29,000"
,그랜드마오 코엑스몰점,마라탕 (면),"13,000"
,그랜드마오 코엑스몰점,볶음 짜장,"10,000"
,그랜드마오 코엑스몰점,중국식냉면,"13,000"
,빕스마이픽,쉬림프 알리오 올리오,
,빕스마이픽,갈비쌀국수,
,카페싸이공,싸이공 반미,"8,000"
,카페싸이공,새우 보트 반미,"12,000"
,카페싸이공,새우볼 쌀국수,"11,000"
,카페싸이공,소고기 쌀국수,"11,000"
,카페싸이공,싸이공 라이스,"9,000"
,푸에르코 삼성점,꽃목살,"16,000"
,푸에르코 삼성점,갈비살,"18,000"
,푸에르코 삼성점,항정살,"18,000"
,푸에르코 삼성점,황제살,"22,000"
,푸에르코 삼성점,플루마,"30,000"
,푸에르코 삼성점,시그니처 세트,"98,000"
,푸에르코 삼성점,푸에르코 세트,"78,000"
,푸에르코 삼성점,오리지널 세트,"58,000"
,푸에르코 삼성점,특안심,"48,000"
,푸에르코 삼성점,일품채끝,"48,000"
,푸에르코 삼성점,설화등심,"52,000"
,푸에르코 삼성점,특등심,"46,000"
,푸에르코 삼성점,새우살,"58,000"
,샤블랑157,부챗살 Lunch set(90g),"13,000"
,샤블랑157,알목심 Lunch set(90g),"13,000"
,샤블랑157,돈목심 Lunch set(90g),"16,000"
,고운님,김치동태찌개,
,커피빈 삼성봉은사거리점,아메리카노,
,커피빈 삼성봉은사거리점,헤이즐넛 아메리카노,
,커피빈 삼성봉은사거리점,바닐라라떼,
,커피빈 삼성봉은사거리점,헤이즐넛 라떼,
,커피빈 삼성봉은사거리점,제주레몬 스웨디쉬티,
,커피빈 삼성봉은사거리점,고흥유자 레몬 캐모마일티,
,커피빈 삼성봉은사거리점,하동녹차 민트라떼,
,커피빈 삼성봉은사거리점,제주 첫물차광 녹차라떼,
,커피빈 삼성봉은사거리점,매화 자스민티,
,커피빈 삼성봉은사거리점,제주 유기농 작설,
,커피빈 삼성봉은사거리점,캐러멜 아이스 블렌디드,
,커피빈 삼성봉은사거리점,퓨어 더블 초코렛 아이스 블렌디드,
,커피빈 삼성봉은사거리점,후레쉬 망고 아이스 블렌디드,
,커피빈 삼성봉은사거리점,달고나크림라떼,
,커피빈 삼성로점,아메리카노,
,커피빈 삼성로점,헤이즐넛 아메리카노,
,커피빈 삼성로점,바닐라라떼,
,커피빈 삼성로점,헤이즐넛 라떼,
,커피빈 삼성로점,제주레몬 스웨디쉬티,
,커피빈 삼성로점,고흥유자 레몬 캐모마일티,
,커피빈 삼성로점,하동녹차 민트라떼,
,커피빈 삼성로점,제주 첫물차광 녹차라떼,
,커피빈 삼성로점,매화 자스민티,
,커피빈 삼성로점,제주 유기농 작설,
,커피빈 삼성로점,캐러멜 아이스 블렌디드,
,커피빈 삼성로점,퓨어 더블 초코렛 아이스 블렌디드,
,커피빈 삼성로점,후레쉬 망고 아이스 블렌디드,
,커피빈 삼성로점,달고나크림라떼,
,한남동그집 코엑스사거리점,미운오리훈제구이,
,한남동그집 코엑스사거리점,고향고추장찌개,
,한남동그집 코엑스사거리점,식사짬뽕,
,한남동그집 코엑스사거리점,촌돼지두루치기,
,한남동그집 코엑스사거리점,골뱅이쫄면사리,
,밀밭사이로칼국수,옛날칼국수,"6,500"
,밀밭사이로칼국수,칼만두국,"7,000"
,밀밭사이로칼국수,김치수제비,"7,000"
,밀밭사이로칼국수,비빔밥,"6,500"
,밀밭사이로칼국수,야채볶음밥,"6,500"
,호랑이초밥 삼성점,호랑이 오마카세 12p,"20,000"
,호랑이초밥 삼성점,호랑이 특모둠 12p,"15,000"
,호랑이초밥 삼성점,모둠사시미 2인,"35,000"
,호랑이초밥 삼성점,모둠사시미 3~4인,"50,000"
,호랑이초밥 삼성점,직화구이 모둠초밥 10p,"14,500"
,호랑이초밥 삼성점,호랑이 모둠 10p,"11,000"
,고디바 코엑스몰,다크 초콜릿 데카당스,"7,500"
,고디바 코엑스몰,다크 탄자니아 75%,"7,500"
,고디바 코엑스몰,다크 핫 초콜렉사,"6,500"
,고디바 코엑스몰,더블 초콜릿,"6,300"
,고디바 코엑스몰,밀크 초콜릿 칩,"5,500"
,이향숯불갈비,돼지갈비 (250g),"13,000"
,이향숯불갈비,돼지왕갈비 (300g),"15,000"
,이향숯불갈비,숯불닭갈비 (2대),"12,000"
,이향숯불갈비,생삼겹살 (170g),"13,000"
,이향숯불갈비,소갈비살 (150g),"15,000"
,쿠시152,염통,"3,000"
,쿠시152,모래집,"3,000"
,쿠시152,불닭발,"4,000"
,쿠시152,메로 구이,"20,000"
,쿠시152,오뎅 나베,"25,000"
,먹어도돼지,삼겹살 (180g),"12,000"
,먹어도돼지,차돌박이 (150g),"21,000"
,먹어도돼지,특목살 (180g),"13,000"
,먹어도돼지,계란찜,"5,000"
,먹어도돼지,비빔국수,"7,000"
,먹어도돼지,청국장,"9,000"
,초원족발,족발(중),"37,000"
,초원족발,매운족발,"43,000"
,초원족발,보쌈(중),"37,000"
,초원족발,쟁반막국수,"10,000"
,초원족발,부추전,"7,000"
,삼정복집 본점,가라아게,"35,000"
,삼정복집 본점,낫또사시미,"45,000"
,삼정복집 본점,다다끼사시미,"45,000"
,삼정복집 본점,복매운탕,"48,000"
,삼정복집 본점,복불고기,"40,000"
,삼정복집 본점,복샤브샤브,"50,000"
,삼정복집 본점,복수육,"50,000"
,삼정복집 본점,복지리탕,"48,000"
,삼정복집 본점,복찜,"40,000"
,삼정복집 본점,복튀김,"30,000"
,삼정복집 본점,볶음밥,"5,000"
,삼정복집 본점,사시미,"45,000"
,삼정복집 본점,사천복누룽지탕,"50,000"
,삼정복집 본점,생이리,"10,000"
,삼정복집 본점,송*복코스요리,"160,000"
,삼정복집 본점,송이덮밥,"50,000"
,삼정복집 본점,송이숯불구이,"80,000"
,삼정복집 본점,송이질주전자찜,"50,000"
,삼정복집 본점,송이초밥,"50,000"
,삼정복집 본점,송이튀김,"50,000"
,삼정복집 본점,런치세트,"48,000"
,삼정복집 본점,스폐셜런치세트,"70,000"
,삼정복집 본점,복어A코스요리,"120,000"
,삼정복집 본점,복어B코스요리,"150,000"
,삿뽀로야끼,고급양갈비 (2대),"26,000"
,삿뽀로야끼,징기스칸갈비살 (150g),"22,000"
,삿뽀로야끼,징기스칸부채살 (150g),"19,000"
,삿뽀로야끼,2인 모듬 Set,"73,000"
,삿뽀로야끼,양고기 육사시미,"20,000"
,삿뽀로야끼,삿뽀로짬뽕,"9,000"
,삿뽀로야끼,일본식 카레라이스,"8,000"
,삿뽀로야끼,오뎅탕,"20,000"
,삿뽀로야끼,삿뽀로덮밥,"8,000"
,삿뽀로야끼,매콤비빔생면,"8,000"
,르플로우,아메리카노,"3,500"
,르플로우,까페 라떼,"4,000"
,르플로우,바닐라 라떼,"5,000"
,르플로우,초코 라떼,"4,500"
,르플로우,딸기 라떼,"5,500"
,벤스쿠키 파르나스몰점,ESPRESSO,"3,000"
,벤스쿠키 파르나스몰점,AMERICANO,"3,000"
,벤스쿠키 파르나스몰점,CAFE LATTE,"3,500"
,벤스쿠키 파르나스몰점,EACH COOKIE,"3,300"
,벤스쿠키 파르나스몰점,BEN'S small box,"16,500"
,칼리가리박사의밀실 삼성점,페퍼로니,"14,000"
,칼리가리박사의밀실 삼성점,언노운,"16,000"
,칼리가리박사의밀실 삼성점,핫치킨,"16,000"
,칼리가리박사의밀실 삼성점,핫윙,"18,000"
,칼리가리박사의밀실 삼성점,토마토 카프레제 (꼬치),"13,000"
,김밥천국,돈까스김밥,"4,000"
,김밥천국,라면,"3,500"
,김밥천국,떡볶이,"4,000"
,김밥천국,떡만두국,"6,000"
,김밥천국,된장찌개,"5,500"
,르사이공 코엑스점,콤보쌀국수 (M),"13,500"
,르사이공 코엑스점,소고기쌀국수 (M),"11,500"
,르사이공 코엑스점,해물볶음밥,"12,500"
,르사이공 코엑스점,파인애플 볶음밥,"12,500"
,르사이공 코엑스점,반미,"8,900"
,러브인토스터,러브인디럭스샌드위치,"7,000"
,러브인토스터,갈릭콤보,"6,000"
,러브인토스터,카야토스트,"4,000"
,러브인토스터,잼치즈 토스트,"3,500"
,러브인토스터,그릴햄치즈,"4,500"
,스시욘즈,런치 오마카세,"60,000"
,스시욘즈,디너 오마카세,"120,000"
,쿠차라 코엑스몰 오크우드점,그릴치킨,"7,900"
,쿠차라 코엑스몰 오크우드점,쿠차라두부,"7,900"
,쿠차라 코엑스몰 오크우드점,알빠스톨,"9,900"
,쿠차라 코엑스몰 오크우드점,까르니따스,"9,900"
,쿠차라 코엑스몰 오크우드점,스테이크,"10,900"
,쿠차라 코엑스몰 오크우드점,갈비,"13,500"
,쿠차라 코엑스몰 오크우드점,그릴새우,"13,400"
,이곧,통영오마카세,
,귀신반점,총각귀신 짜장면,"6,000"
,귀신반점,귀신짬뽕,"7,000"
,귀신반점,통문어 튀김,"22,000"
,귀신반점,깐풍기,"18,000"
,귀신반점,문어 초회,"18,000"
,플로팅 L7강남점,조식(어른),"28,000"
,플로팅 L7강남점,조식(어린이),"18,600"
,플로팅 L7강남점,중식(어른),"38,000"
,플로팅 L7강남점,중식(어린이),"25,000"
,플로팅 L7강남점,석식(어른),"44,000"
,플로팅 L7강남점,석식(어린이),"29,000"
,플랑플랑,아메리카노,"4,000"
,플랑플랑,카페라떼,"4,500"
,플랑플랑,패션에이드,"6,500"
,플랑플랑,웨딩 임페리얼,"5,800"
,플랑플랑,페퍼민트 리브즈,"5,800"
,투썸플레이스 삼성도심공항점,고구마 라떼,
,투썸플레이스 삼성도심공항점,아이스 그린티 라떼,
,투썸플레이스 삼성도심공항점,아이스 카페 아메리카노,
,투썸플레이스 삼성도심공항점,오렌지 자몽 주스,
,투썸플레이스 삼성도심공항점,오렌지자몽티,
,투썸플레이스 삼성도심공항점,유자 레몬티,
,투썸플레이스 삼성도심공항점,콜드브루,
,깐부치킨 선정릉역점,고추간장치킨,
,깐부치킨 선정릉역점,마늘간장치킨,
,깐부치킨 선정릉역점,순살스윗치킨,
,깐부치킨 선정릉역점,크리스피치킨,
,깐부치킨 선정릉역점,후라이드치킨,
,유리카모메 선릉식당,수제유부주머니우동,"7,000"
,유리카모메 선릉식당,김치유부주머니우동,"7,500"
,유리카모메 선릉식당,고추장불고기 오니기리,"3,500"
,유리카모메 선릉식당,참치샐러드 오니기리,"3,500"
,유리카모메 선릉식당,크래미 날치알 오니기리,"3,500"
,쉐이크쉑 코엑스점,쉑버거,"7,300"
,쉐이크쉑 코엑스점,스모크쉑,"9,300"
,쉐이크쉑 코엑스점,슈룸 버거,"9,600"
,쉐이크쉑 코엑스점,쉑 스택,"13,100"
,쉐이크쉑 코엑스점,치즈프라이,"5,200"
,쉐이크쉑 코엑스점,바닐라 쉐이크,"6,200"
,고봉삼계탕 코엑스점,약수상황삼계탕,"15,000"
,고봉삼계탕 코엑스점,약수한방삼계탕,"17,000"
,고봉삼계탕 코엑스점,전복닭죽,"10,000"
,고봉삼계탕 코엑스점,전기구이,"15,000"
,고봉삼계탕 코엑스점,해물파전,"15,000"
,켄마,양갈비 프렌치랙 (220g),"31,000"
,켄마,양등심 (200g),"27,000"
,켄마,양갈비 숄더랙 (220g),"29,000"
,켄마,게등딱지장,"6,000"
,이나세,자루소바(COLD),"8,800"
,이나세,카레소바(HOT),"8,800"
,이나세,고기온소바,"11,800"
,이나세,부타동,"9,800"
,이나세,텐동,"10,800"
,그랜드인터컨티넨탈 서울파르나스 하코네,코라쿠엔,"170,000"
,그랜드인터컨티넨탈 서울파르나스 하코네,하코네특선생선회,"255,000"
,그랜드인터컨티넨탈 서울파르나스 하코네,모듬초밥,"115,000"
,그랜드인터컨티넨탈 서울파르나스 하코네,하코네롤,"53,000"
,그랜드인터컨티넨탈 서울파르나스 하코네,계절생선 모듬구이,"85,000"
,선릉가든,꽃등심(150g),"43,000"
,선릉가든,차돌박이(150g),"28,000"
,선릉가든,오겹살(150g),"17,000"
,선릉가든,매운불고기(200g),"15,000"
,선릉가든,한우육회(200g),"30,000"
,브루커피 삼성공항터미널점,에스프레소,"4,500"
,브루커피 삼성공항터미널점,아메리카노 블랜딩(T),"4,500"
,브루커피 삼성공항터미널점,아인슈페너,"5,000"
,브루커피 삼성공항터미널점,플랫 화이트,"5,000"
,브루커피 삼성공항터미널점,민트차,"5,000"
,행복한김치찌개,김치찌개,"7,000"
,행복한김치찌개,돼지불백,"8,000"
,아티제 코엑스몰점,로열자몽티,"6,500"
,아티제 코엑스몰점,바닐라 라떼,"5,700"
,아티제 코엑스몰점,카페라떼,"5,200"
,아티제 코엑스몰점,카페 아메리카노,"4,700"
,아티제 코엑스몰점,카푸치노,"5,200"
,스타벅스 삼성현대힐점,퍼플 사워 블렌디드,"6,300"
,스타벅스 삼성현대힐점,딸기 아사이 레모네이드 스타벅스 리프레셔,"5,900"
,스타벅스 삼성현대힐점,커피 드로잉 말차 프라푸치노,"6,300"
,스타벅스 삼성현대힐점,오늘의 커피,"4,200"
,스타벅스 삼성현대힐점,카푸치노,"5,000"
,스타벅스 삼성현대힐점,카페 라떼,"5,000"
,스타벅스 삼성현대힐점,카페 모카,"5,500"
,스타벅스 삼성현대힐점,카페 아메리카노,"4,500"
,스타벅스 삼성현대힐점,카라멜 마키아또,"5,900"
,스타벅스 삼성현대힐점,화이트 초콜릿 모카,"5,900"
,스타벅스 삼성현대힐점,스타벅스 돌체 라떼,"5,900"
,스타벅스 삼성현대힐점,자바 칩 프라푸치노,"6,300"
,스타벅스 삼성현대힐점,망고 바나나 블렌디드,"6,300"
,스타벅스 삼성현대힐점,아이스 자몽 허니 블랙 티,"5,700"
,스타벅스 삼성현대힐점,자몽 허니 블랙 티,"5,700"
,스타벅스 삼성현대힐점,콜드 브루,"4,900"
,스타벅스 삼성현대힐점,디카페인 카페 아메리카노,"4,800"
,스타벅스 삼성현대힐점,디카페인 카페 라떼,"5,300"
,스타벅스 삼성현대힐점,제주 유기농 말차로 만든 라떼,"6,100"
,스타벅스 삼성현대힐점,돌체 콜드 브루,"6,000"
,막썰이회30000,참돔 마스까와,"6,000"
,막썰이회30000,동해안 피문어,변동가격
,스타벅스 봉은사역점,퍼플 사워 블렌디드,"6,300"
,스타벅스 봉은사역점,딸기 아사이 레모네이드 스타벅스 리프레셔,"5,900"
,스타벅스 봉은사역점,커피 드로잉 말차 프라푸치노,"6,300"
,스타벅스 봉은사역점,오늘의 커피,"4,200"
,스타벅스 봉은사역점,카푸치노,"5,000"
,스타벅스 봉은사역점,카페 라떼,"5,000"
,스타벅스 봉은사역점,카페 모카,"5,500"
,스타벅스 봉은사역점,카페 아메리카노,"4,500"
,스타벅스 봉은사역점,카라멜 마키아또,"5,900"
,스타벅스 봉은사역점,화이트 초콜릿 모카,"5,900"
,스타벅스 봉은사역점,스타벅스 돌체 라떼,"5,900"
,스타벅스 봉은사역점,자바 칩 프라푸치노,"6,300"
,스타벅스 봉은사역점,망고 바나나 블렌디드,"6,300"
,스타벅스 봉은사역점,아이스 자몽 허니 블랙 티,"5,700"
,스타벅스 봉은사역점,자몽 허니 블랙 티,"5,700"
,스타벅스 봉은사역점,콜드 브루,"4,900"
,스타벅스 봉은사역점,디카페인 카페 아메리카노,"4,800"
,스타벅스 봉은사역점,디카페인 카페 라떼,"5,300"
,스타벅스 봉은사역점,제주 유기농 말차로 만든 라떼,"6,100"
,스타벅스 봉은사역점,돌체 콜드 브루,"6,000"
,배스킨라빈스 파르나스몰점,아빠왔다팩,"13,500"
,배스킨라빈스 파르나스몰점,옹기종기팩,"26,500"
,배스킨라빈스 파르나스몰점,나눠먹는 와츄원,"32,000"
,배스킨라빈스 파르나스몰점,바로먹는 와츄원,"31,000"
,배스킨라빈스 파르나스몰점,파인트,"8,900"
,배스킨라빈스 파르나스몰점,쿼터,"17,000"
,배스킨라빈스 파르나스몰점,패밀리,"24,000"
,배스킨라빈스 파르나스몰점,시크릿 라이언,"28,000"
,배스킨라빈스 파르나스몰점,피카피카 피카츄 케이크,"25,000"
,배스킨라빈스 파르나스몰점,반전 매력 춘식이,"26,000"
,배스킨라빈스 파르나스몰점,마음을 드려요,"26,000"
,배스킨라빈스 파르나스몰점,달콤한 선물상자,"26,000"
,배스킨라빈스 파르나스몰점,리얼 27 큐브,"28,000"
,배스킨라빈스 파르나스몰점,시크릿 어피치,"28,000"
,배스킨라빈스 파르나스몰점,트윙클 잔망루피,"31,000"
,배스킨라빈스 파르나스몰점,핑크 플라워 가든,"28,000"
,배스킨라빈스 파르나스몰점,수줍은 러브 베어,"24,000"
,배스킨라빈스 파르나스몰점,팽도리와 함께 퍼즐을,"26,000"
,배스킨라빈스 파르나스몰점,버라이어티팩,"20,000"
,배스킨라빈스 파르나스몰점,스마일 스노우 블러섬,"26,000"
,스타벅스 포스코사거리,퍼플 사워 블렌디드,"6,300"
,스타벅스 포스코사거리,딸기 아사이 레모네이드 스타벅스 리프레셔,"5,900"
,스타벅스 포스코사거리,커피 드로잉 말차 프라푸치노,"6,300"
,스타벅스 포스코사거리,오늘의 커피,"4,200"
,스타벅스 포스코사거리,카푸치노,"5,000"
,스타벅스 포스코사거리,카페 라떼,"5,000"
,스타벅스 포스코사거리,카페 모카,"5,500"
,스타벅스 포스코사거리,카페 아메리카노,"4,500"
,스타벅스 포스코사거리,카라멜 마키아또,"5,900"
,스타벅스 포스코사거리,화이트 초콜릿 모카,"5,900"
,스타벅스 포스코사거리,스타벅스 돌체 라떼,"5,900"
,스타벅스 포스코사거리,자바 칩 프라푸치노,"6,300"
,스타벅스 포스코사거리,망고 바나나 블렌디드,"6,300"
,스타벅스 포스코사거리,아이스 자몽 허니 블랙 티,"5,700"
,스타벅스 포스코사거리,자몽 허니 블랙 티,"5,700"
,스타벅스 포스코사거리,콜드 브루,"4,900"
,스타벅스 포스코사거리,디카페인 카페 아메리카노,"4,800"
,스타벅스 포스코사거리,디카페인 카페 라떼,"5,300"
,스타벅스 포스코사거리,제주 유기농 말차로 만든 라떼,"6,100"
,스타벅스 포스코사거리,돌체 콜드 브루,"6,000"
,나주육곱식당 강남직영점,한돈삼겹살(180g),"15,000"
,나주육곱식당 강남직영점,한돈목살(180g),"15,000"
,나주육곱식당 강남직영점,소곱창구이(180g),"18,000"
,나주육곱식당 강남직영점,대창구이(180g),"18,000"
,나주육곱식당 강남직영점,쭈꾸미볶음,"26,000"
,재희키친,고등어구이,"11,000"
,재희키친,삼치 구이,"14,000"
,재희키친,연어구이,"14,000"
,재희키친,가리비 관자 구이,"12,000"
,재희키친,돼지고기 생강 조림,"25,000"
,최고야닭갈비,닭갈비,"12,000"
,최고야닭갈비,매운닭갈비,"13,000"
,최고야닭갈비,마라닭갈비,"13,000"
,최고야닭갈비,치즈닭갈비,"14,000"
,최고야닭갈비,막국수,"7,000"
,신의주부대찌개 삼성점,우삼겹부대찌개,"8,000"
,신의주부대찌개 삼성점,두루치기,"8,000"
,신의주부대찌개 삼성점,한돈 생삼겹,"12,000"
,신의주부대찌개 삼성점,치즈계란말이,"7,000"
,KFC 코엑스몰점,떡볶킨블랙라벨치킨 8조각,"24,500"
,KFC 코엑스몰점,떡볶킨블랙라벨치킨 5조각,"15,800"
,KFC 코엑스몰점,떡볶킨블랙라벨치킨 3조각,"9,800"
,KFC 코엑스몰점,떡볶킨블랙라벨치킨 1조각,"3,500"
,KFC 코엑스몰점,스콜쳐베이직박스,"8,800"
,KFC 코엑스몰점,스콜쳐베이직세트,"7,600"
,KFC 코엑스몰점,스콜쳐버거베이직,"5,600"
,KFC 코엑스몰점,콘찡어바이트 8조각,"2,900"
,삼환소한마리,소한마리 무한리필(1인),"23,000"
,삼환소한마리,돼지한마리 무한리필(1인),"18,000"
,삼환소한마리,삼겹살(1인),"12,000"
,삼환소한마리,갈비탕,"9,000"
,삼환소한마리,감자탕,"7,000"
,일공,런치 A-Course (1인),"20,000"
,일공,런치 B-Course (1인),"25,000"
,일공,런치 C-Course (1인),"35,000"
,일공,디너코스 쟈스민 (1인),"40,000"
,일공,디너코스 국화 (1인),"50,000"
,일공,디너코스 장미 (1인),"70,000"
,스타벅스 봉은사로선정릉점,퍼플 사워 블렌디드,"6,300"
,스타벅스 봉은사로선정릉점,딸기 아사이 레모네이드 스타벅스 리프레셔,"5,900"
,스타벅스 봉은사로선정릉점,커피 드로잉 말차 프라푸치노,"6,300"
,스타벅스 봉은사로선정릉점,오늘의 커피,"4,200"
,스타벅스 봉은사로선정릉점,카푸치노,"5,000"
,스타벅스 봉은사로선정릉점,카페 라떼,"5,000"
,스타벅스 봉은사로선정릉점,카페 모카,"5,500"
,스타벅스 봉은사로선정릉점,카페 아메리카노,"4,500"
,스타벅스 봉은사로선정릉점,카라멜 마키아또,"5,900"
,스타벅스 봉은사로선정릉점,화이트 초콜릿 모카,"5,900"
,스타벅스 봉은사로선정릉점,스타벅스 돌체 라떼,"5,900"
,스타벅스 봉은사로선정릉점,자바 칩 프라푸치노,"6,300"
,스타벅스 봉은사로선정릉점,망고 바나나 블렌디드,"6,300"
,스타벅스 봉은사로선정릉점,아이스 자몽 허니 블랙 티,"5,700"
,스타벅스 봉은사로선정릉점,자몽 허니 블랙 티,"5,700"
,스타벅스 봉은사로선정릉점,콜드 브루,"4,900"
,스타벅스 봉은사로선정릉점,디카페인 카페 아메리카노,"4,800"
,스타벅스 봉은사로선정릉점,디카페인 카페 라떼,"5,300"
,스타벅스 봉은사로선정릉점,제주 유기농 말차로 만든 라떼,"6,100"
,스타벅스 봉은사로선정릉점,돌체 콜드 브루,"6,000"
,한국돈거래소,매력있는 생포갈비 (160g),"16,000"
,한국돈거래소,육즙 생목살 (160g),"15,000"
,한국돈거래소,요즘대세 냉삼겹 (160g),"15,000"
,한국돈거래소,소고기 비켜 오잉살 (150g),"15,000"
,한국돈거래소,과즙먹은 마늘 갈매기살 (150g),"15,000"
,코퍼룸,CHILI CHEESE FRIES,"13,000"
,코퍼룸,CLASSIC MAC,"7,000"
,코퍼룸,RICOTA SALAD,"13,000"
,코퍼룸,SMOKED BACON STEAK,"9,000"
,코퍼룸,FISH&CHIPS,"22,000"
,백우드시카고피자 바베큐펍,시그니처시카고피자,"19,000"
,백우드시카고피자 바베큐펍,살라미사카고피자,"24,000"
,백우드시카고피자 바베큐펍,포크밸리시카고피자,"26,000"
,백우드시카고피자 바베큐펍,폴드포크싴카고피자,"26,000"
,백우드시카고피자 바베큐펍,와규브리스킷시카고피자,"27,000"
,백우드시카고피자 바베큐펍,Smukers딸기잼14g,500
,백우드시카고피자 바베큐펍,Darbo블루베리잼14g,500
,백우드시카고피자 바베큐펍,서강유업크림치즈28g,"1,000"
,백우드시카고피자 바베큐펍,크러쉬드레드칠리2g,300
,백우드시카고피자 바베큐펍,훈제삼겹180g,"15,000"
,백우드시카고피자 바베큐펍,훈제폴드포크180g,"14,000"
,백우드시카고피자 바베큐펍,와규브리스킷180g,"18,000"
,백우드시카고피자 바베큐펍,존슨빌훈제소시지180g,"15,000"
,백우드시카고피자 바베큐펍,닭안심크림청양&칠리스파게티,"12,000"
,백우드시카고피자 바베큐펍,김치새우리조또,"12,000"
,백우드시카고피자 바베큐펍,듀록흑돼지오일파스타,"15,000"
,백우드시카고피자 바베큐펍,코술로샐러드1small tray,"3,000"
,백우드시카고피자 바베큐펍,맥앤치즈1small tray,"3,000"
,백우드시카고피자 바베큐펍,미니번4개,"3,000"
,백우드시카고피자 바베큐펍,감자튀김(smallsize),"3,000"
,백우드시카고피자 바베큐펍,칠성사이다355ml,"3,000"
,백우드시카고피자 바베큐펍,닥터페퍼355ml,"3,000"
,백우드시카고피자 바베큐펍,펩시콜라355ml,"3,000"
,백우드시카고피자 바베큐펍,환타355ml,"3,000"
,백우드시카고피자 바베큐펍,제로콜라,"3,000"
,전주현대옥 코엑스점,전주남부시장식 콩나물국밥,
,전주현대옥 코엑스점,끓이는식 콩나물국밥,
,전주현대옥 코엑스점,얼큰돼지국밥,
,전주현대옥 코엑스점,데친큰오징어,
,뚜레쥬르 강남구청역점,심쿵랜덤박스,"15,000"
,뚜레쥬르 강남구청역점,BELT샌드위치,"6,300"
,뚜레쥬르 강남구청역점,추억의 사라다고로케,"3,600"
,뚜레쥬르 강남구청역점,그랑드카페 아이스아메리카노,"3,500"
,뚜레쥬르 강남구청역점,딸기와 우유생크림 2호,"30,000"
,해중천,짜장면,"6,000"
,해중천,차돌짬뽕,"9,000"
,해중천,차돌짬뽕밥,"9,500"
,해중천,생굴짬뽕,"9,000"
,해중천,생굴우동,"9,000"
,광화문석갈비 코엑스점,소찬밥,"25,000"
,광화문석갈비 코엑스점,돼찬밥,"17,900"
,광화문석갈비 코엑스점,소 돌판구이,"60,000"
,광화문석갈비 코엑스점,돼지 돌판구이,"40,000"
,광화문석갈비 코엑스점,소 돌판구이 세트(3인),"85,000"
,광화문석갈비 코엑스점,돼지 돌판구이 세트(3인),"65,000"
,광화문석갈비 코엑스점,한우 화로구이 반상,"31,000"
,마초갈비,제육쌈밥,"8,000"
,마초갈비,보쌈정식,"8,000"
,마초갈비,낙위고등어조림,"8,000"
,마초갈비,김치찜,"8,000"
,마초갈비,소불고기,"10,000"
,마초갈비,마초생갈비 (250g),"15,000"
,마초갈비,마초갈비 (250g),"14,000"
,마초갈비,마초왕갈비 (250g),"16,000"
,마초갈비,생삼겹살 (200g),"14,000"
,마초갈비,생목살 (200g),"14,000"
,마초갈비,마초이동갈비 (200g),"29,000"
,마초갈비,마초생등심 (200g),"31,000"
,마초갈비,김치찌개,"6,000"
,마초갈비,된장찌개,"3,000"
,마초갈비,김치볶음밥,"5,000"
,마초갈비,냉면,"5,000"
,마초갈비,된장 누룽지,"5,000"
,베이비기네스 삼성점,그릴드새우,"23,000"
,베이비기네스 삼성점,피쉬앤칩,"19,000"
,베이비기네스 삼성점,찹스테이크,"27,000"
,베이비기네스 삼성점,치킨스트립,"13,000"
,베이비기네스 삼성점,올리브&베이컨말이,"17,000"
,김명자굴국밥 삼성3호점,굴국밥,"8,000"
,김명자굴국밥 삼성3호점,콩나물국밥,"8,000"
,김명자굴국밥 삼성3호점,굴떡국,"8,000"
,김명자굴국밥 삼성3호점,굴전(소),"10,000"
,김명자굴국밥 삼성3호점,굴돼지보쌈,"44,000"
,듬북담북 선릉점,북어국,"8,000"
,듬북담북 선릉점,통북어조치,"9,000"
,듬북담북 선릉점,바지락비빔밥,"9,000"
,듬북담북 선릉점,떡갈비(중),"10,000"
,듬북담북 선릉점,매생이전,"12,000"
,히라메키,와사비 에비마요,"24,000"
,히라메키,생연어샐러드,"24,000"
,히라메키,문어 초회,"29,000"
,히라메키,도미 고노와다,"29,000"
,히라메키,히라메 명란무침,"28,000"
,BHC치킨 삼성점,치퐁당 후라이드,"20,000"
,BHC치킨 삼성점,하바네로 포테킹 후라이드+치즈볼,"25,000"
,BHC치킨 삼성점,분모자 로제 떡볶이,"5,500"
,BHC치킨 삼성점,뿌링클 콤보+치즈볼,"25,000"
,BHC치킨 삼성점,골드킹 콤보+치즈볼,"25,000"
,BHC치킨 삼성점,맛초킹 콤보+치즈볼,"25,000"
,BHC치킨 삼성점,뿌링클+치즈볼,"23,000"
,BHC치킨 삼성점,맛초킹+치즈볼,"23,000"
,일마지오 삼성점,커리 치킨 리조또,"16,500"
,일마지오 삼성점,크림 리조또,"17,500"
,일마지오 삼성점,까르보나라,"14,500"
,일마지오 삼성점,시금치 크림 페투치네,"15,000"
,일마지오 삼성점,빼쉐,"16,000"
,스타벅스 삼성동점,퍼플 사워 블렌디드,"6,300"
,스타벅스 삼성동점,딸기 아사이 레모네이드 스타벅스 리프레셔,"5,900"
,스타벅스 삼성동점,커피 드로잉 말차 프라푸치노,"6,300"
,스타벅스 삼성동점,오늘의 커피,"4,200"
,스타벅스 삼성동점,카푸치노,"5,000"
,스타벅스 삼성동점,카페 라떼,"5,000"
,스타벅스 삼성동점,카페 모카,"5,500"
,스타벅스 삼성동점,카페 아메리카노,"4,500"
,스타벅스 삼성동점,카라멜 마키아또,"5,900"
,스타벅스 삼성동점,화이트 초콜릿 모카,"5,900"
,스타벅스 삼성동점,스타벅스 돌체 라떼,"5,900"
,스타벅스 삼성동점,자바 칩 프라푸치노,"6,300"
,스타벅스 삼성동점,망고 바나나 블렌디드,"6,300"
,스타벅스 삼성동점,아이스 자몽 허니 블랙 티,"5,700"
,스타벅스 삼성동점,자몽 허니 블랙 티,"5,700"
,스타벅스 삼성동점,콜드 브루,"4,900"
,스타벅스 삼성동점,디카페인 카페 아메리카노,"4,800"
,스타벅스 삼성동점,디카페인 카페 라떼,"5,300"
,스타벅스 삼성동점,제주 유기농 말차로 만든 라떼,"6,100"
,스타벅스 삼성동점,돌체 콜드 브루,"6,000"
,써브웨이 봉은사역점,이탈리안비엠티,
,써브웨이 봉은사역점,풀드포크,
,써브웨이 봉은사역점,로스트 치킨,
,써브웨이 봉은사역점,미트볼,
,써브웨이 봉은사역점,에그마요,
,써브웨이 봉은사역점,참치,
,써브웨이 봉은사역점,터키 베이커 아보카도 찹 샐러드,
,써브웨이 봉은사역점,썹도그,
,교촌치킨 삼성1호점,교촌허니순살[R],"21,000"
,교촌치킨 삼성1호점,교촌라이스,"20,000"
,교촌치킨 삼성1호점,교촌오리지날,"16,000"
,교촌치킨 삼성1호점,교촌콤보,"19,000"
,교촌치킨 삼성1호점,교촌윙,"19,000"
,교촌치킨 삼성1호점,교촌스틱,"19,000"
,교촌치킨 삼성1호점,교촌허니오리지날,"16,000"
,교촌치킨 삼성1호점,교촌허니콤보,"20,000"
,교촌치킨 삼성1호점,교촌허니스틱,"21,000"
,교촌치킨 삼성1호점,교촌레드오리지날,"17,000"
,교촌치킨 삼성1호점,교촌레드콤보,"20,000"
,교촌치킨 삼성1호점,교촌레드윙,"20,000"
,교촌치킨 삼성1호점,교촌레드스틱,"20,000"
,교촌치킨 삼성1호점,교촌반반오리지날,"17,000"
,교촌치킨 삼성1호점,교촌반반콤보,"20,000"
,교촌치킨 삼성1호점,교촌반반윙,"20,000"
,교촌치킨 삼성1호점,교촌반반스틱,"20,000"
,교촌치킨 삼성1호점,교촌후라이드,"17,500"
,교촌치킨 삼성1호점,교촌살살치킨,"17,000"
,교촌치킨 삼성1호점,교촌소이살살,"17,000"
,교촌치킨 삼성1호점,교촌신화오리지날,"18,000"
,교촌치킨 삼성1호점,교촌신화순살,"20,000"
,교촌치킨 삼성1호점,교촌순살,"19,000"
,교촌치킨 삼성1호점,교촌레드순살,"20,000"
,교촌치킨 삼성1호점,교촌반반순살,"20,000"
,교촌치킨 삼성1호점,교촌레허반반순살,"22,000"
,교촌치킨 삼성1호점,교촌발사믹치킨,"18,500"
,교촌치킨 삼성1호점,교촌리얼후라이드,"17,500"
,강태웅생생아구,아구회,"50,000"
,강태웅생생아구,아구수육,"65,000"
,강태웅생생아구,아구찜,"65,000"
,강태웅생생아구,아구지리,"65,000"
,강태웅생생아구,아구지리정식,"25,000"
,홍스나나,사시미,"38,000"
,신마포갈매기 삼성역점,마포갈매기,"7,900"
,신마포갈매기 삼성역점,양념갈매기,"7,900"
,신마포갈매기 삼성역점,매콤갈매기,"8,500"
,신마포갈매기 삼성역점,냉동삼겹살,"7,900"
,신마포갈매기 삼성역점,목살양념구이,"7,900"
,신마포갈매기 삼성역점,항정살,"8,500"
,신마포갈매기 삼성역점,돼지껍딱,"6,900"
,신마포갈매기 삼성역점,꼼장어,"8,500"
,신마포갈매기 삼성역점,닭발,"9,500"
,신마포갈매기 삼성역점,소갈비살,"11,900"
,신마포갈매기 삼성역점,양푼비빔밥,"4,500"
,신마포갈매기 삼성역점,육회비빔밥,"6,500"
,신마포갈매기 삼성역점,누룽지,"3,500"
,신마포갈매기 삼성역점,마포국수,"4,500"
,신마포갈매기 삼성역점,대나무물냉면,"5,000"
,신마포갈매기 삼성역점,대나무비빔냉면,"5,000"
,신마포갈매기 삼성역점,껍딱짜글이,"9,900"
,신마포갈매기 삼성역점,마포얼음육회,"9,900"
,신마포갈매기 삼성역점,새송이구이,"2,000"
,어머니족발,한방족발 (중),"37,000"
,어머니족발,한방보쌈 (중),"38,000"
,어머니족발,매운족발 (중),"37,000"
,어머니족발,족발보쌈 (중),"39,000"
,어머니족발,골뱅이무침,"20,000"
,메종알리스,카페 아메리카노(hot),"3,500"
,메종알리스,카페라떼(hot),"4,000"
,메종알리스,바닐라라떼(hot),"4,500"
,메종알리스,그린티 라떼(hot),"4,500"
,메종알리스,얼그레이 라떼(hot),"4,500"
,브라운돈까스 삼성중앙역점,등심돈까스,"8,500"
,브라운돈까스 삼성중앙역점,안심돈까스,"9,000"
,브라운돈까스 삼성중앙역점,매운돈까스,"9,000"
,브라운돈까스 삼성중앙역점,데리돈까스,"10,000"
,브라운돈까스 삼성중앙역점,매운피자오븐돈까스,"12,500"
,패트릭스와플,오리지널 와플,"2,600"
,패트릭스와플,코코넛 와플,"3,300"
,패트릭스와플,카카오 와플,"3,300"
,패트릭스와플,말차와플,"3,300"
,패트릭스와플,티라미수와플,"4,600"
,윈스커피,윈스 아메리카노,"3,800"
,윈스커피,카페라떼,"4,500"
,윈스커피,수제 바닐라빈라떼,"4,800"
,윈스커피,돼지바 라떼,"5,200"
,윈스커피,오리지널 밀크티,"4,500"
,윈스커피,스윗블라썸 밀크티,"4,500"
,지구당 선릉역점,텐동,"6,800"
,지구당 선릉역점,카츠카레,"7,500"
,지구당 선릉역점,우동,"3,800"
,지구당 선릉역점,냉소바,"3,800"
,지구당 선릉역점,왕새우우동,"4,800"
,옥돌양곱창구이,특양구이(200g),"27,000"
,옥돌양곱창구이,염통구이(200g),"14,000"
,옥돌양곱창구이,생삼겹살(200g),"14,000"
,옥돌양곱창구이,낙곱볶음,"8,000"
,옥돌양곱창구이,동태탕,"10,000"
,가배도 코엑스점,가배 아메리카노,"4,500"
,가배도 코엑스점,라떼,"5,500"
,가배도 코엑스점,말차라떼,"6,500"
,가배도 코엑스점,티라미수,"7,000"
,가배도 코엑스점,밀크티,"7,000"
,빨강떡볶이 삼성점,빨강떡볶이,
,빨강떡볶이 삼성점,짜장떡볶이,
,빨강떡볶이 삼성점,만두 (2),
,빨강떡볶이 삼성점,날치알 주먹밥,
,빨강떡볶이 삼성점,오뎅탕,
,비건이삼,아메리카노,"3,500"
,비건이삼,카페라떼,"4,000"
,비건이삼,바닐라라떼,"4,500"
,비건이삼,루이보스,"3,500"
,비건이삼,복숭아 아이스티,"3,500"
,신촌설렁탕 선릉점,갈비찜(대),"55,000"
,신촌설렁탕 선릉점,갈비찜(중),"39,000"
,신촌설렁탕 선릉점,갈비탕,"13,000"
,신촌설렁탕 선릉점,꼬리곰탕,"20,000"
,신촌설렁탕 선릉점,꼬리찜(대),"60,000"
,신촌설렁탕 선릉점,꼬리찜(중),"45,000"
,신촌설렁탕 선릉점,도가니탕,"18,000"
,신촌설렁탕 선릉점,곰탕,"9,000"
,신촌설렁탕 선릉점,곰탕(특),"12,000"
,신촌설렁탕 선릉점,설렁탕(15공),"15,000"
,신촌설렁탕 선릉점,설렁탕,"9,000"
,신촌설렁탕 선릉점,설렁탕(특),"12,000"
,신촌설렁탕 선릉점,곰탕(15공),"15,000"
,소담골,살치살(170g),"45,000"
,소담골,등심(170g),"40,000"
,소담골,육사시미(200g),"30,000"
,소담골,삼겹살(170g),"14,000"
,소담골,갈비탕,"12,000"
,마왕족발 삼성점,마왕통구이(소),"29,000"
,마왕족발 삼성점,보쌈구이(소),"29,000"
,마왕족발 삼성점,소금구이(중),"33,000"
,마왕족발 삼성점,불족발(중),"37,000"
,마왕족발 삼성점,갈릭족발(중),"37,000"
,마왕족발 삼성점,통구이중자,"35,000"
,마왕족발 삼성점,통구이대자,"40,000"
,마왕족발 삼성점,보쌈중자,"35,000"
,마왕족발 삼성점,보쌈대자,"40,000"
,마왕족발 삼성점,반반중자,"44,000"
,마왕족발 삼성점,반반대자,"51,000"
,마왕족발 삼성점,무침족발 중자,"33,000"
,마왕족발 삼성점,무침족발 대자,"37,000"
,마왕족발 삼성점,냉채족발중자,"33,000"
,마왕족발 삼성점,냉채족발대자,"37,000"
,마왕족발 삼성점,국수1인,"7,000"
,마왕족발 삼성점,국수2인,"12,000"
,마왕족발 삼성점,족발볶음밥 1인,"7,000"
,마왕족발 삼성점,족발볶음밥 2인,"12,000"
,스시 하쿠샤,런치 오마카세,"60,000"
,스시 하쿠샤,디너 오마카세,"120,000"
,그랜드인터컨티넨탈 서울파르나스 웨이루,오향장육 (소),"48,000"
,그랜드인터컨티넨탈 서울파르나스 웨이루,해삼 동파육 (소),"150,000"
,그랜드인터컨티넨탈 서울파르나스 웨이루,마파두부 (소),"48,000"
,그랜드인터컨티넨탈 서울파르나스 웨이루,삼선 자장면,"20,000"
,선릉본가 쭈꾸미와대패삼겹,쭈꾸미정식(2인이상),"8,000"
,선릉본가 쭈꾸미와대패삼겹,대패김치볶음(2인이상),"7,000"
,선릉본가 쭈꾸미와대패삼겹,대패삼겹살(2인이상),"10,000"
,선릉본가 쭈꾸미와대패삼겹,생삼겹살(2인이상),"14,000"
,이코복스 스타필드 코엑스몰점,아메리카노,"5,300"
,이코복스 스타필드 코엑스몰점,라떼,"5,900"
,이코복스 스타필드 코엑스몰점,보이차,"6,900"
,이코복스 스타필드 코엑스몰점,초코라떼,"6,500"
,이코복스 스타필드 코엑스몰점,라임에이드,"7,200"
,이코복스 스타필드 코엑스몰점,분자가또,"7,200"
,투썸플레이스 삼성중앙역점,고구마 라떼,
,투썸플레이스 삼성중앙역점,아이스 그린티 라떼,
,투썸플레이스 삼성중앙역점,아이스 카페 아메리카노,
,투썸플레이스 삼성중앙역점,오렌지 자몽 주스,
,투썸플레이스 삼성중앙역점,오렌지자몽티,
,투썸플레이스 삼성중앙역점,유자 레몬티,
,투썸플레이스 삼성중앙역점,콜드브루,
,배스킨라빈스 삼성플래티넘점,아빠왔다팩,"13,500"
,배스킨라빈스 삼성플래티넘점,옹기종기팩,"26,500"
,배스킨라빈스 삼성플래티넘점,나눠먹는 와츄원,"32,000"
,배스킨라빈스 삼성플래티넘점,바로먹는 와츄원,"31,000"
,배스킨라빈스 삼성플래티넘점,파인트,"8,900"
,배스킨라빈스 삼성플래티넘점,쿼터,"17,000"
,배스킨라빈스 삼성플래티넘점,패밀리,"24,000"
,배스킨라빈스 삼성플래티넘점,시크릿 라이언,"28,000"
,배스킨라빈스 삼성플래티넘점,피카피카 피카츄 케이크,"25,000"
,배스킨라빈스 삼성플래티넘점,반전 매력 춘식이,"26,000"
,배스킨라빈스 삼성플래티넘점,마음을 드려요,"26,000"
,배스킨라빈스 삼성플래티넘점,달콤한 선물상자,"26,000"
,배스킨라빈스 삼성플래티넘점,리얼 27 큐브,"28,000"
,배스킨라빈스 삼성플래티넘점,시크릿 어피치,"28,000"
,배스킨라빈스 삼성플래티넘점,트윙클 잔망루피,"31,000"
,배스킨라빈스 삼성플래티넘점,핑크 플라워 가든,"28,000"
,배스킨라빈스 삼성플래티넘점,수줍은 러브 베어,"24,000"
,배스킨라빈스 삼성플래티넘점,팽도리와 함께 퍼즐을,"26,000"
,배스킨라빈스 삼성플래티넘점,버라이어티팩,"20,000"
,배스킨라빈스 삼성플래티넘점,스마일 스노우 블러섬,"26,000"
,브라운돈까스 강남구청역점,등심돈까스,"8,000"
,브라운돈까스 강남구청역점,안심돈까스,"8,500"
,브라운돈까스 강남구청역점,브라운함박스테이크,"9,500"
,브라운돈까스 강남구청역점,오즈카레,"8,500"
,브라운돈까스 강남구청역점,오즈매운카레,"9,000"
,금복당,생굴 튀김,"20,000"
,금복당,꼬막 데침,"22,000"
,금복당,홍합 무침,"20,000"
,금복당,한우육회,"25,000"
,금복당,육전,"27,000"
,여유돼지,통 목살 (200g),"14,000"
,여유돼지,통 삼겹살 (200g),"14,000"
,여유돼지,고추장 삼겹살 (200g),"15,000"
,여유돼지,양념 주물럭 (200g),"14,000"
,큐큐면관 삼성점,추천유니짜장,"4,900"
,큐큐면관 삼성점,옛날짬뽕면,"6,400"
,큐큐면관 삼성점,옛날짬뽕밥,"6,900"
,큐큐면관 삼성점,우삼짬뽕면,"7,900"
,큐큐면관 삼성점,우삼짬뽕밥,"8,400"
,큐큐면관 삼성점,새우백탕면,"7,900"
,큐큐면관 삼성점,중화냉면,"7,900"
,큐큐면관 삼성점,QQ탄탄면,"7,900"
,큐큐면관 삼성점,QQ덮밥,"6,400"
,큐큐면관 삼성점,계란 짜장밥,"6,400"
,큐큐면관 삼성점,새우볶음밥,"7,900"
,큐큐면관 삼성점,꽃빵멘보샤(4P),"7,900"
,큐큐면관 삼성점,추천중화깐풍기,"13,900"
,큐큐면관 삼성점,넓적탕수육,"10,900"
,큐큐면관 삼성점,청홍유린기,"12,900"
,큐큐면관 삼성점,마늘칠리새우(8P),"17,900"
,큐큐면관 삼성점,망고크림새우(8p),"17,900"
,큐큐면관 삼성점,충칭라즈지,"13,900"
,큐큐면관 삼성점,오향장우육,"14,900"
,큐큐면관 삼성점,소룡포(4p),"4,900"
,도스타코스 선릉점,감자 부리또,
,도스타코스 선릉점,빠스톨 타코,
,도스타코스 선릉점,소프트 타코,
,도스타코스 선릉점,야채 부리또,
,도스타코스 선릉점,하드 타코,
,벨지움재즈카페,돈갓,"7,900"
,벨지움재즈카페,치즈돈갓,"9,000"
,벨지움재즈카페,양파돈갓,"9,000"
,벨지움재즈카페,왕새우두마리 우동,"6,500"
,벨지움재즈카페,갓스동,"8,500"
,초가집,김치 닭볶음탕(중),"33,000"
,초가집,닭볶음탕(중),"28,000"
,할리스 청담삼성로점,복숭아 발그레 스무디,"6,800"
,할리스 청담삼성로점,수박 달달 스무디,"6,800"
,할리스 청담삼성로점,제주 청귤 그린티,"5,800"
,할리스 청담삼성로점,한라산 녹차 바스크 치즈,"6,900"
,할리스 청담삼성로점,암쏘쿨쿨 세트,"22,500"
,할리스 청담삼성로점,내 마음 프룻프룻해 세트,"20,500"
,할리스 청담삼성로점,시그니처 델리 세트,"19,900"
,할리스 청담삼성로점,해피 크로플 세트,"20,600"
,할리스 청담삼성로점,할리스 브런치 세트,"19,500"
,할리스 청담삼성로점,딸기 생크림라운드,"6,900"
,삼성칼국수,칼국수,"7,000"
,삼성칼국수,닭도리탕,"30,000"
,삼성칼국수,감자찌개,"15,000"
,삼성칼국수,김치찌개,"15,000"
,삼성칼국수,부대찌개,"15,000"
,북창동순두부 강남구청점,LA갈비 순두부 정식,"21,000"
,북창동순두부 강남구청점,LA갈비구이,"35,000"
,북창동순두부 강남구청점,곱창순두부,"8,000"
,북창동순두부 강남구청점,굴 돌솥밥+순두부,"11,000"
,북창동순두부 강남구청점,굴김치 볶음밥+순부두,"9,000"
,북창동순두부 강남구청점,굴순부두,"8,000"
,북창동순두부 강남구청점,김치순두부,"7,000"
,북창동순두부 강남구청점,낙지볶음 순두부 정식,"15,000"
,북창동순두부 강남구청점,낚지볶음,"15,000"
,북창동순두부 강남구청점,냉모밀,"7,000"
,북창동순두부 강남구청점,도토리묵 무침,"10,000"
,북창동순두부 강남구청점,두부 곱창 전골,"27,000"
,북창동순두부 강남구청점,들깨/매생이 삼계탕,"12,000"
,북창동순두부 강남구청점,들깨순두부,"8,000"
,북창동순두부 강남구청점,떡갈비 순두부 정식,"15,000"
,북창동순두부 강남구청점,떡갈비구이,"15,000"
,북창동순두부 강남구청점,만두순두부,"8,000"
,북창동순두부 강남구청점,매생이순두부,"8,000"
,북창동순두부 강남구청점,보쌈 순두부 정식,"15,000"
,북창동순두부 강남구청점,북창동 보쌈,"33,000"
,북창동순두부 강남구청점,북창동 전골,"27,000"
,북창동순두부 강남구청점,삼채나물 돌솥밥 순두부,"9,000"
,북창동순두부 강남구청점,생굴,"10,000"
,북창동순두부 강남구청점,서리태 콩국수,"7,000"
,북창동순두부 강남구청점,섞어순두부,"7,000"
,북창동순두부 강남구청점,쇠고기순두부,"7,000"
,북창동순두부 강남구청점,전통순두부,"7,000"
,북창동순두부 강남구청점,제육볶음 순두부 정식,"15,000"
,북창동순두부 강남구청점,청국장순두부,"8,000"
,북창동순두부 강남구청점,카레순두부,"8,000"
,북창동순두부 강남구청점,콩나물 비빔밥+순두부,"9,000"
,북창동순두부 강남구청점,콩비지찌개,"8,000"
,북창동순두부 강남구청점,토시살 순두부 정식,"17,000"
,북창동순두부 강남구청점,토시살 양념구이,"32,000"
,북창동순두부 강남구청점,해물순두부,"8,000"
,북창동순두부 강남구청점,해장순두부,"8,000"
,북창동순두부 강남구청점,햄치즈순두부,"8,000"
,북창동순두부 강남구청점,황태구이 순두부 정식,"15,000"
,북창동순두부 강남구청점,황태순두부,"8,000"
,웨이크업커피 1호점,에스프레소(hot),"2,000"
,웨이크업커피 1호점,아메리카노(hot),"2,500"
,웨이크업커피 1호점,카페라떼(hot),"3,000"
,웨이크업커피 1호점,콜드브루,"4,000"
,웨이크업커피 1호점,녹차라떼(hot),"3,500"
,세이로켄마,세이로무시 (대),"80,000"
,세이로켄마,세이로무시 (중),"60,000"
,세이로켄마,세이로무시 (소),"38,000"
,세이로켄마,양등심 (150g),"23,000"
,세이로켄마,양갈비 (220g),"26,000"
,세이로켄마,켄마라멘,"9,000"
,세이로켄마,차돌숙주볶음,"17,000"
,세이로켄마,황태구이,"15,000"
,메이킷카페,아메리카노(HOT),"3,500"
,메이킷카페,카페라떼(HOT),"4,000"
,메이킷카페,흑임자라떼(HOT),"5,000"
,메이킷카페,생딸기에이드,"6,000"
,메이킷카페,애플시나몬라떼,"6,500"
,청춘포차,조개 한가득,"40,000"
,청춘포차,닭도리탕,"25,000"
,청춘포차,동태탕,"23,000"
,청춘포차,대합탕,"20,000"
,청춘포차,홍합탕,"18,000"
,청춘포차,조개탕,"20,000"
,청춘포차,알탕,"23,000"
,청춘포차,돼지김치찌개,"18,000"
,청춘포차,꽁치소세지찌개,"20,000"
,청춘포차,번데기탕,"16,000"
,청춘포차,계란탕,"16,000"
,청춘포차,왕새우(대하)회,"28,000"
,청춘포차,왕새우(대하)구이,"28,000"
,청춘포차,전어회,"25,000"
,청춘포차,전어구이,"25,000"
,청춘포차,해물파전,"20,000"
,청춘포차,묵사발,"18,000"
,청춘포차,스팸&후라이,"20,000"
,청춘포차,전통계란말이,"18,000"
,청담역2번출구,클래식치즈버거,"6,800"
,청담역2번출구,베이컨치즈버거,"7,800"
,청담역2번출구,레드어니언잼버거,"7,800"
,센터커피 삼성점,아메리카노,"5,000"
,센터커피 삼성점,라떼,"6,000"
,센터커피 삼성점,모카,"6,500"
,센터커피 삼성점,쑥라떼,"6,500"
,센터커피 삼성점,초콜릿,"6,500"
,브레드바이,아메리카노(HOT),"4,200"
,브레드바이,카페라떼(HOT),"4,800"
,브레드바이,바닐라라떼(HOT),"5,400"
,브레드바이,카푸치노(HOT),"4,800"
,브레드바이,얼그레이티(HOT),"7,500"
,청담오뎅,물결오뎅,"2,500"
,청담오뎅,봉오뎅,"2,500"
,청담오뎅,물떡,"2,500"
,청담오뎅,곤약,"2,500"
,청담오뎅,유부주머니,"2,500"
,꽃보다등심,한우꽃등심(150g),"13,000"
,꽃보다등심,한우차돌(150g),"12,000"
,꽃보다등심,한우안심(150g),"18,000"
,꽃보다등심,한돈삼겹살(200g),"9,000"
,꽃보다등심,한돈양념돼지갈비(200g),"11,000"
,고담식당,숙성 한우 1++ 등심(150g),"40,000"
,고담식당,숙성 한우 1++ 안심(150g),"42,000"
,고담식당,숙성 통 삼겹살(180g),"16,000"
,고담식당,매콤 제육,"8,000"
,고담식당,얼큰 김치찜,"8,000"
,치킨잇수다,슴살 후라이드,"16,000"
,치킨잇수다,슴살 고추후라이드,"17,000"
,치킨잇수다,슴살 파닭,"18,000"
,치킨잇수다,반반치킨,"18,000"
,치킨잇수다,한치구이,"15,000"
,커피빈 삼성봉은사로점,아메리카노,
,커피빈 삼성봉은사로점,헤이즐넛 아메리카노,
,커피빈 삼성봉은사로점,바닐라라떼,
,커피빈 삼성봉은사로점,헤이즐넛 라떼,
,커피빈 삼성봉은사로점,제주레몬 스웨디쉬티,
,커피빈 삼성봉은사로점,고흥유자 레몬 캐모마일티,
,커피빈 삼성봉은사로점,하동녹차 민트라떼,
,커피빈 삼성봉은사로점,제주 첫물차광 녹차라떼,
,커피빈 삼성봉은사로점,매화 자스민티,
,커피빈 삼성봉은사로점,제주 유기농 작설,
,커피빈 삼성봉은사로점,캐러멜 아이스 블렌디드,
,커피빈 삼성봉은사로점,퓨어 더블 초코렛 아이스 블렌디드,
,커피빈 삼성봉은사로점,후레쉬 망고 아이스 블렌디드,
,커피빈 삼성봉은사로점,달고나크림라떼,
,송 현대백화점 무역센터점,돌냄비우동,"11,000"
,송 현대백화점 무역센터점,돌냄비김치우동,"11,000"
,송 현대백화점 무역센터점,판메밀국수(1인분),"9,000"
,송 현대백화점 무역센터점,돌냄비메밀국수,"11,000"
,송 현대백화점 무역센터점,유부메밀국수,"9,500"
,키헤이커피,에스프레소,"4,000"
,키헤이커피,아메리카노,"4,000"
,키헤이커피,카페라떼,"4,300"
,키헤이커피,바닐라라떼,"4,800"
,키헤이커피,자몽쥬스,"7,000"
,호우섬 코엑스점,마라 소롱포(3p),"7,500"
,호우섬 코엑스점,쯔란오징어튀김,"16,000"
,호우섬 코엑스점,맑은우육탕면,"9,000"
,호우섬 코엑스점,마파두부 도삭면,"9,800"
,호우섬 코엑스점,매운돼지고기볶음,"12,000"
,국보전 삼성코엑스점,국보된장보쌈(중),"28,000"
,국보전 삼성코엑스점,국보된장보쌈(대),"34,000"
,국보전 삼성코엑스점,보쌈두부김치,"18,000"
,국보전 삼성코엑스점,삼합,"38,000"
,국보전 삼성코엑스점,홍어,"18,000"
,원조을지로골뱅이,골뱅이,"25,000"
,원조을지로골뱅이,닭도리탕,"25,000"
,원조을지로골뱅이,오뎅탕,"18,000"
,BHC치킨 강남구청역점,치퐁당,"20,000"
,캘리포니아피자키친 코엑스점,캘리포니아 클럽 피자,"22,900"
,캘리포니아피자키친 코엑스점,핑크 허머스볼,"14,900"
,캘리포니아피자키친 코엑스점,비욘드미트버거,"17,900"
,캘리포니아피자키친 코엑스점,캘리포니아 빠네,"18,900"
,캘리포니아피자키친 코엑스점,스테이크 갈릭 리조또,"18,900"
,캘리포니아피자키친 코엑스점,파이어 그릴드 스테이크,"48,900"
,담미온 삼성중앙역점,수육정식,"13,000"
,담미온 삼성중앙역점,순대정식,"13,000"
,담미온 삼성중앙역점,수육국밥,"8,000"
,담미온 삼성중앙역점,순대국밥,"8,000"
,담미온 삼성중앙역점,뼈해장국,"9,000"
,갈맛집,돼지갈비 (600g),"35,000"
,갈맛집,제주토종흑돼지 (600g),"47,000"
,갈맛집,양념소갈비살 (1인분),"16,000"
,갈맛집,제육볶음 (점심메뉴),"7,000"
,갈맛집,흑돼지김치찌개 (점심메뉴),"7,000"
,정 한뿌리죽 키친 삼성점,제주식전복죽,
,정 한뿌리죽 키친 삼성점,전복미역죽,
,우소우소,꽃등심 (150g),"35,000"
,우소우소,채끝살 (150g),"30,000"
,우소우소,육회 (150g),"25,000"
,우소우소,육사시미 (150g),"35,000"
,우소우소,차돌박이 (200g),"38,000"
,김밥천국 삼성점,야채김밥,"2,500"
,김밥천국 삼성점,치즈김밥,"3,500"
,김밥천국 삼성점,라면,"3,000"
,김밥천국 삼성점,라볶이,"4,000"
,김밥천국 삼성점,쫄면,"5,500"
,김밥천국 삼성점,돈까스,"6,000"
,경성면옥,물냉면,"9,000"
,경성면옥,비빔냉면,"9,000"
,경성면옥,초불냉면,"9,000"
,경성면옥,낙지회,"16,000"
,경성면옥,전복회,"16,000"
,새마을식당 삼성코엑스점,열탄불고기,"9,000"
,새마을식당 삼성코엑스점,새마을불고기,"9,000"
,새마을식당 삼성코엑스점,오겹살,"11,000"
,새마을식당 삼성코엑스점,소금구이,"10,000"
,새마을식당 삼성코엑스점,양념구이,"10,000"
,새마을식당 삼성코엑스점,항정살,"9,000"
,새마을식당 삼성코엑스점,차돌박이,"11,000"
,새마을식당 삼성코엑스점,껍데기,"6,000"
,새마을식당 삼성코엑스점,7분돼지김치,"6,000"
,새마을식당 삼성코엑스점,새마을된장찌개,"6,000"
,새마을식당 삼성코엑스점,멸치국수,"4,000"
,고피자 삼성1호점,치즈 버거 피자,"6,700"
,고피자 삼성1호점,부라타 치즈 피자,"7,900"
,고피자 삼성1호점,페퍼로니 피자,"5,900"
,고피자 삼성1호점,감바스 파스타,"6,500"
,고피자 삼성1호점,토마토 치즈 파스타,"6,500"
,DOM펍&바 삼성점,Lemon-ade Freshfruit Fizzy,"12,000"
,DOM펍&바 삼성점,Orange-ade Freshfruit Fizzy,"12,000"
,DOM펍&바 삼성점,Grapefruit Freshfruit Fizzy,"12,000"
,DOM펍&바 삼성점,Sanfrancisco,"10,000"
,DOM펍&바 삼성점,Pinacolada Virgin,"13,000"
,DOM펍&바 삼성점,Strawbanacolada,"13,000"
,DOM펍&바 삼성점,Blueberry TingTing,"13,000"
,DOM펍&바 삼성점,Orange Alive,"13,000"
,DOM펍&바 삼성점,Pine Thank U,"13,000"
,DOM펍&바 삼성점,Apple Tongtong,"13,000"
,DOM펍&바 삼성점,Kiwi Sangkeum,"13,000"
,DOM펍&바 삼성점,Santero Angell Rosso,"70,000"
,DOM펍&바 삼성점,Carmen (Red),"80,000"
,DOM펍&바 삼성점,Villa M Rosso,"90,000"
,DOM펍&바 삼성점,J.D Beaujolais Villages,"100,000"
,DOM펍&바 삼성점,1865 Reserva,"130,000"
,DOM펍&바 삼성점,Montes Alpha,"130,000"
,DOM펍&바 삼성점,San Felice ll Gridio,"150,000"
,DOM펍&바 삼성점,Yellow Tail,"70,000"
,DOM펍&바 삼성점,Carmen (White),"80,000"
,반포식스 포스코사거리점,에그롤,"5,000"
,반포식스 포스코사거리점,스프링롤,"5,000"
,반포식스 포스코사거리점,태국식 새우 너겟,"6,000"
,반포식스 포스코사거리점,짜조,"6,500"
,반포식스 포스코사거리점,반포식스 샘플러,"12,000"
,우화당,우화당솥밥정식,"18,000"
,이자카야산,매운돈가스,
,도미노피자 삼성점,아메리칸 패티 멜트(L),"28,900"
,도미노피자 삼성점,아메리칸 오리진 밋볼(L),"29,900"
,도미노피자 삼성점,마스터 트리플 코스(L),"33,900"
,도미노피자 삼성점,블랙타이거 슈림프(L),"35,900"
,도미노피자 삼성점,블랙앵거스 스테이크(L),"34,900"
,도미노피자 삼성점,포테이토(L),"26,900"
,북창동순두부 삼성점,LA갈비 순두부 정식,"21,000"
,북창동순두부 삼성점,LA갈비구이,"35,000"
,북창동순두부 삼성점,곱창순두부,"8,000"
,북창동순두부 삼성점,굴 돌솥밥+순두부,"11,000"
,북창동순두부 삼성점,굴김치 볶음밥+순부두,"9,000"
,북창동순두부 삼성점,굴순부두,"8,000"
,북창동순두부 삼성점,김치순두부,"7,000"
,북창동순두부 삼성점,낙지볶음 순두부 정식,"15,000"
,북창동순두부 삼성점,낚지볶음,"15,000"
,북창동순두부 삼성점,냉모밀,"7,000"
,북창동순두부 삼성점,도토리묵 무침,"10,000"
,북창동순두부 삼성점,두부 곱창 전골,"27,000"
,북창동순두부 삼성점,들깨/매생이 삼계탕,"12,000"
,북창동순두부 삼성점,들깨순두부,"8,000"
,북창동순두부 삼성점,떡갈비 순두부 정식,"15,000"
,북창동순두부 삼성점,떡갈비구이,"15,000"
,북창동순두부 삼성점,만두순두부,"8,000"
,북창동순두부 삼성점,매생이순두부,"8,000"
,북창동순두부 삼성점,보쌈 순두부 정식,"15,000"
,북창동순두부 삼성점,북창동 보쌈,"33,000"
,북창동순두부 삼성점,북창동 전골,"27,000"
,북창동순두부 삼성점,삼채나물 돌솥밥 순두부,"9,000"
,북창동순두부 삼성점,생굴,"10,000"
,북창동순두부 삼성점,서리태 콩국수,"7,000"
,북창동순두부 삼성점,섞어순두부,"7,000"
,북창동순두부 삼성점,쇠고기순두부,"7,000"
,북창동순두부 삼성점,전통순두부,"7,000"
,북창동순두부 삼성점,제육볶음 순두부 정식,"15,000"
,북창동순두부 삼성점,청국장순두부,"8,000"
,북창동순두부 삼성점,카레순두부,"8,000"
,북창동순두부 삼성점,콩나물 비빔밥+순두부,"9,000"
,북창동순두부 삼성점,콩비지찌개,"8,000"
,북창동순두부 삼성점,토시살 순두부 정식,"17,000"
,북창동순두부 삼성점,토시살 양념구이,"32,000"
,북창동순두부 삼성점,해물순두부,"8,000"
,북창동순두부 삼성점,해장순두부,"8,000"
,북창동순두부 삼성점,햄치즈순두부,"8,000"
,북창동순두부 삼성점,황태구이 순두부 정식,"15,000"
,북창동순두부 삼성점,황태순두부,"8,000"
,아쯔마로,튀김,"8,000"
,아쯔마로,온모밀정식,"11,000"
,아쯔마로,가께아게소바,"10,000"
,아쯔마로,모밀정식,"12,000"
,아쯔마로,마로우동,"7,000"
,아쯔마로,튀김우동,"8,500"
,아쯔마로,우동정식,"10,000"
,아쯔마로,돈까스덮밥,"8,500"
,아쯔마로,소고기덮밥,"8,500"
,아쯔마로,새우덮밥,"8,000"
,아쯔마로,오뎅우동,"8,500"
,아쯔마로,냉우동,"9,000"
,카페170,추천라떼,"4,000"
,카페170,추천아메리카노,"3,000"
,쭈불&쭈불 코엑스점,알쌈쭈꾸미철판(2인),"30,000"
,쭈불&쭈불 코엑스점,쭈꾸미정식,"8,000"
,이향 삼성동분점,단호박 약선밥,"15,000"
,이향 삼성동분점,상황돌솥밥,"13,000"
,이향 삼성동분점,나물돌솥밥,"12,000"
,이향 삼성동분점,갈비찜,"20,000"
,이향 삼성동분점,김치찜,"10,000"
,이향 삼성동분점,모듬육전,"30,000"
,이향 삼성동분점,상황닭백숙,"65,000"
,이향 삼성동분점,능이닭백숙,"65,000"
,올래밥상 삼성직영점,제주양파를 곁들인 활광어 구이,"12,000"
,올래밥상 삼성직영점,제주돼지,"11,000"
,올래밥상 삼성직영점,제주해초를 곁들인 광어회무침,"30,000"
,올래밥상 삼성직영점,소라숙회(5개),"12,000"
,올래밥상 삼성직영점,고등어 조림,"12,000"
,올래밥상 삼성직영점,제주보말 수제비국,"12,000"
,노메,감바스 알 아히죠,"26,000"
,노메,문어숙회,"22,000"
,노메,해물치즈돈까스떡볶이,"18,000"
,노메,해물크림짬뽕,"24,000"
,노메,매콤깐풍기,"20,000"
,봉쥬르와인살롱,해물 뚝배기 파스타,"13,900"
,봉쥬르와인살롱,피자 라쟈냐,"12,900"
,봉쥬르와인살롱,고르곤졸라 피자,"10,900"
,봉쥬르와인살롱,꽃페퍼로니 피자,"13,900"
,봉쥬르와인살롱,매콤 크림 치즈 오물렛,"11,900"
,사리원 삼성점,옛날육수불고기,"18,000"
,사리원 삼성점,사리원 불고기,"33,000"
,사리원 삼성점,양념갈비 (1인분),"32,000"
,사리원 삼성점,불고기 버섯 전골,"16,500"
,사리원 삼성점,꽃등심,"48,000"
,영덕횟집,광어,
,영덕횟집,우럭,
,영덕횟집,문어숙회,
,영덕횟집,과메기,
,영덕횟집,석화,
,일미쌈밥,제주생삼겹(160g),"13,000"
,일미쌈밥,국내산차돌(150g),"23,000"
,일미쌈밥,냉면,"6,000"
,일미쌈밥,제육 쌈밥,"8,000"
,일미쌈밥,김치찌개 쌈밥,"7,000"
,아우네부대찌개&삼겹살 삼성본점,부대찌개(1인분),"8,000"
,아우네부대찌개&삼겹살 삼성본점,부대전골(소),"25,000"
,아우네부대찌개&삼겹살 삼성본점,생삼겹살(150g),"14,000"
,아우네부대찌개&삼겹살 삼성본점,항정살(150g),"15,000"
,아우네부대찌개&삼겹살 삼성본점,베이컨모듬구이,"28,000"
,왕푸징마라탕,마라탕 (100g),"2,200"
,왕푸징마라탕,마라반 (100g),"2,600"
,왕푸징마라탕,마라샹궈 (100g),"3,600"
,왕푸징마라탕,미니전,"2,500"
,커피빈 포스코사거리점,아메리카노,
,커피빈 포스코사거리점,헤이즐넛 아메리카노,
,커피빈 포스코사거리점,바닐라라떼,
,커피빈 포스코사거리점,헤이즐넛 라떼,
,커피빈 포스코사거리점,제주레몬 스웨디쉬티,
,커피빈 포스코사거리점,고흥유자 레몬 캐모마일티,
,커피빈 포스코사거리점,하동녹차 민트라떼,
,커피빈 포스코사거리점,제주 첫물차광 녹차라떼,
,커피빈 포스코사거리점,매화 자스민티,
,커피빈 포스코사거리점,제주 유기농 작설,
,커피빈 포스코사거리점,캐러멜 아이스 블렌디드,
,커피빈 포스코사거리점,퓨어 더블 초코렛 아이스 블렌디드,
,커피빈 포스코사거리점,후레쉬 망고 아이스 블렌디드,
,커피빈 포스코사거리점,달고나크림라떼,
,리칭,차돌짬뽕,"8,000"
,리칭,해물쟁반짜장,"8,000"
,리칭,해물볶음짬뽕,"8,000"
,리칭,게살볶음밥,"8,000"
,리칭,탕수육(소),"17,000"
,빕스얌딜리버리 삼성점,그릴드치킨&잠발라야라이스,"18,000"
,빕스얌딜리버리 삼성점,토마토 마레 파스타,"17,900"
,빕스얌딜리버리 삼성점,토마토 마레 리조또,"17,900"
,빕스얌딜리버리 삼성점,스테이크&잠발라야라이스,"19,000"
,빕스얌딜리버리 삼성점,폭립&잠발라야라이스,"20,000"
,빕스얌딜리버리 삼성점,블랙 페퍼 채끝 스테이크,"38,600"
,빕스얌딜리버리 삼성점,시그니처 바비큐 폭립,"35,000"
,빕스얌딜리버리 삼성점,시그니처 훈제 연어 샐러드,"14,800"
,빕스얌딜리버리 삼성점,수란톡 명란 까르보나라,"18,900"
,빕스얌딜리버리 삼성점,빕스 감바스,"16,000"
,생어거스틴 파르나스몰점,뿌팟봉커리,
,생어거스틴 파르나스몰점,왕새우 팟타이,
,생어거스틴 파르나스몰점,미고랭,
,생어거스틴 파르나스몰점,퍼싸오,
,생어거스틴 파르나스몰점,소고기덮밥,
,생어거스틴 파르나스몰점,파인애플 볶음밥,
,생어거스틴 파르나스몰점,나시고랭,
,성가네 큰집추어탕,추어탕(돌솥밥),"10,000"
,성가네 큰집추어탕,추어탕(공기밥),"9,000"
,성가네 큰집추어탕,통추어탕(돌솥밥),"11,000"
,성가네 큰집추어탕,통추어탕(공기밥),"10,000"
,성가네 큰집추어탕,추어튀김,"12,000"
,할리스 코엑스점,복숭아 발그레 스무디,"6,800"
,할리스 코엑스점,수박 달달 스무디,"6,800"
,할리스 코엑스점,제주 청귤 그린티,"5,800"
,할리스 코엑스점,한라산 녹차 바스크 치즈,"6,900"
,할리스 코엑스점,암쏘쿨쿨 세트,"22,500"
,할리스 코엑스점,내 마음 프룻프룻해 세트,"20,500"
,할리스 코엑스점,시그니처 델리 세트,"19,900"
,할리스 코엑스점,해피 크로플 세트,"20,600"
,할리스 코엑스점,할리스 브런치 세트,"19,500"
,할리스 코엑스점,딸기 생크림라운드,"6,900"
,번패티번 현대백화점 무역센터점,에그롤 버거,"5,500"
,번패티번 현대백화점 무역센터점,스파이시치킨 버거,"6,500"
,번패티번 현대백화점 무역센터점,번패티번 버거,"8,900"
,번패티번 현대백화점 무역센터점,트러플머쉬룸 버거,"9,800"
,번패티번 현대백화점 무역센터점,아보카도 버거,"9,800"
,파스쿠찌 삼성역점,아이스 아메리카노(R),"4,500"
,파스쿠찌 삼성역점,아이스 카페라떼(R),"5,000"
,파스쿠찌 삼성역점,아이스 바닐라라떼 마끼아또(R),"5,800"
,파스쿠찌 삼성역점,아이스 카라멜라떼 마끼아또(R),"5,800"
,파스쿠찌 삼성역점,허니브레드(생크림),"5,700"
,파스쿠찌 삼성역점,아메리카노(R),"4,500"
,파스쿠찌 삼성역점,카페라떼(R),"5,000"
,파스쿠찌 삼성역점,카라멜라떼 마끼아또(R),"5,800"
,파스쿠찌 삼성역점,(L)아이스흑당펄밀크티,"6,300"
,파스쿠찌 삼성역점,바닐라라떼 마끼아또(R),"5,800"
,파스쿠찌 삼성역점,영그레이,"4,800"
,파스쿠찌 삼성역점,(V)아이스 바닐라 라떼 마끼아또,"6,800"
,파스쿠찌 삼성역점,(L)아메리카노,"5,000"
,파스쿠찌 삼성역점,(L)아이스 아메리카노,"5,000"
,파스쿠찌 삼성역점,(L)카페라떼,"5,500"
,파스쿠찌 삼성역점,(L)아이스 카페라떼,"5,500"
,파스쿠찌 삼성역점,(L)바닐라 라떼 마끼아또,"6,300"
,파스쿠찌 삼성역점,(L)아이스 바닐라 라떼 마끼아또,"6,300"
,파스쿠찌 삼성역점,(L)카라멜라떼마끼아또,"6,300"
,파스쿠찌 삼성역점,(L)아이스 카라멜 라떼 마끼아또,"6,300"
,아웃백스테이크하우스 딜리버리 삼성점,스테이크 앤 스테이크 세트,"77,800"
,아웃백스테이크하우스 딜리버리 삼성점,시그니처 파티세트,"97,900"
,아웃백스테이크하우스 딜리버리 삼성점,더블 머쉬룸 스테이크,"39,900"
,아웃백스테이크하우스 딜리버리 삼성점,아웃백 스페셜 갈릭 스테이크,"35,900"
,아웃백스테이크하우스 딜리버리 삼성점,투움바 파스타,"25,900"
,아웃백스테이크하우스 딜리버리 삼성점,베이비 백립,"39,900"
,투썸플레이스 강남삼성로점,고구마 라떼,
,투썸플레이스 강남삼성로점,아이스 그린티 라떼,
,투썸플레이스 강남삼성로점,아이스 카페 아메리카노,
,투썸플레이스 강남삼성로점,오렌지 자몽 주스,
,투썸플레이스 강남삼성로점,오렌지자몽티,
,투썸플레이스 강남삼성로점,유자 레몬티,
,투썸플레이스 강남삼성로점,콜드브루,
,바토스 파르나스몰점,김치 까르니따스 프라이즈,"11,900"
,바토스 파르나스몰점,바토스 프레시 윙즈(6Pcs),"7,900"
,바토스 파르나스몰점,스테이크와 과카몰리,"12,900"
,바토스 파르나스몰점,치미추리 치킨,"9,900"
,바토스 파르나스몰점,스파이시 까르니따스,"9,900"
,만리장성,짜장면,"6,000"
,만리장성,간짜장,"7,000"
,만리장성,짬짜면,"8,500"
,만리장성,볶짜면,"8,500"
,만리장성,볶짬면,"8,500"
,커피빈 도심공항타워점,아메리카노,
,커피빈 도심공항타워점,헤이즐넛 아메리카노,
,커피빈 도심공항타워점,바닐라라떼,
,커피빈 도심공항타워점,헤이즐넛 라떼,
,커피빈 도심공항타워점,제주레몬 스웨디쉬티,
,커피빈 도심공항타워점,고흥유자 레몬 캐모마일티,
,커피빈 도심공항타워점,하동녹차 민트라떼,
,커피빈 도심공항타워점,제주 첫물차광 녹차라떼,
,커피빈 도심공항타워점,매화 자스민티,
,커피빈 도심공항타워점,제주 유기농 작설,
,커피빈 도심공항타워점,캐러멜 아이스 블렌디드,
,커피빈 도심공항타워점,퓨어 더블 초코렛 아이스 블렌디드,
,커피빈 도심공항타워점,후레쉬 망고 아이스 블렌디드,
,커피빈 도심공항타워점,달고나크림라떼,
,스타벅스 코엑스아셈타워점,퍼플 사워 블렌디드,"6,300"
,스타벅스 코엑스아셈타워점,딸기 아사이 레모네이드 스타벅스 리프레셔,"5,900"
,스타벅스 코엑스아셈타워점,커피 드로잉 말차 프라푸치노,"6,300"
,스타벅스 코엑스아셈타워점,오늘의 커피,"4,200"
,스타벅스 코엑스아셈타워점,카푸치노,"5,000"
,스타벅스 코엑스아셈타워점,카페 라떼,"5,000"
,스타벅스 코엑스아셈타워점,카페 모카,"5,500"
,스타벅스 코엑스아셈타워점,카페 아메리카노,"4,500"
,스타벅스 코엑스아셈타워점,카라멜 마키아또,"5,900"
,스타벅스 코엑스아셈타워점,화이트 초콜릿 모카,"5,900"
,스타벅스 코엑스아셈타워점,스타벅스 돌체 라떼,"5,900"
,스타벅스 코엑스아셈타워점,자바 칩 프라푸치노,"6,300"
,스타벅스 코엑스아셈타워점,망고 바나나 블렌디드,"6,300"
,스타벅스 코엑스아셈타워점,아이스 자몽 허니 블랙 티,"5,700"
,스타벅스 코엑스아셈타워점,자몽 허니 블랙 티,"5,700"
,스타벅스 코엑스아셈타워점,콜드 브루,"4,900"
,스타벅스 코엑스아셈타워점,디카페인 카페 아메리카노,"4,800"
,스타벅스 코엑스아셈타워점,디카페인 카페 라떼,"5,300"
,스타벅스 코엑스아셈타워점,제주 유기농 말차로 만든 라떼,"6,100"
,스타벅스 코엑스아셈타워점,돌체 콜드 브루,"6,000"
,탄탄면공방 파르나스몰점,추천2인 탄탄세트,"27,500"
,탄탄면공방 파르나스몰점,추천1인 혼탄세트,"12,800"
,탄탄면공방 파르나스몰점,1인 라탄세트,"13,500"
,탄탄면공방 파르나스몰점,라구탄탄면,"10,500"
,탄탄면공방 파르나스몰점,탄탄면,"9,800"
,탄탄면공방 파르나스몰점,얼큰탄탄국밥,"9,500"
,탄탄면공방 파르나스몰점,청양탄탄면(매운맛),"10,500"
,탄탄면공방 파르나스몰점,사천탄탄면(아주매운맛),"10,800"
,탄탄면공방 파르나스몰점,치즈탄탄면,"10,800"
,탄탄면공방 파르나스몰점,마라탄탄면(매운맛),"10,800"
,탄탄면공방 파르나스몰점,새우탕면,"10,800"
,탄탄면공방 파르나스몰점,육고명튀김교자(2ea),"4,000"
,탄탄면공방 파르나스몰점,바삭순살닭튀김(150g),"4,500"
,탄탄면공방 파르나스몰점,바삭순살닭튀김(300g),"8,500"
,탄탄면공방 파르나스몰점,마약간장계란밥,"3,500"
,탄탄면공방 파르나스몰점,갈릭마요치킨볼(4ea),"4,000"
,탄탄면공방 파르나스몰점,체다마요치킨볼(4ea),"4,000"
,탄탄면공방 파르나스몰점,탄탄치즈프라이,"4,500"
,탄탄면공방 파르나스몰점,바삭순살치즈프라이,"8,000"
,네모오징어 포스코사거리점,갑오징어불고기백반 (2인 이상),"11,000"
,네모오징어 포스코사거리점,오삼불고기백반 (2인 이상),"9,000"
,네모오징어 포스코사거리점,낙지불고기백반 (2인 이상),"10,000"
,네모오징어 포스코사거리점,갑오징어초무침,"28,000"
,네모오징어 포스코사거리점,갑오징어연포탕,"30,000"
,네모오징어 포스코사거리점,갑오징어명란불고기,"35,000"
,네모오징어 포스코사거리점,갑오징어차돌로스,"38,000"
,카페리즈,아메리카노(HOT),"3,000"
,카페리즈,카페 라떼(HOT),"3,500"
,카페리즈,녹차 라떼(HOT),"4,000"
,카페리즈,오렌지 에이드,"4,500"
,카페리즈,망고 요거트 스무디,"5,000"
,카페베네 선릉역점,바닐라라떼,
,카페베네 선릉역점,아메리카노,
,카페베네 선릉역점,에스프레소,
,카페베네 선릉역점,카페모카,
,카페베네 선릉역점,피스타치오라떼,
,카페베네 선릉역점,오곡라떼,
,카페베네 선릉역점,딸기요거트스무디,
,카페베네 선릉역점,그린티프라페노,
,이디야커피 삼성한전점,콜드브루 니트로,
,이디야커피 삼성한전점,민트모카,
,이디야커피 삼성한전점,바닐라 라떼,
,이디야커피 삼성한전점,카라멜 마끼아또,
,이디야커피 삼성한전점,카페 라떼,
,이디야커피 삼성한전점,카페 아메리카노,
,이디야커피 삼성한전점,카페모카,
,이디야커피 삼성한전점,카푸치노,
,이디야커피 삼성한전점,화이트 초콜릿 모카,
,이디야커피 삼성한전점,콜드브루라떼,
,이디야커피 삼성한전점,콜드브루 화이트 비엔나,
,이디야커피 삼성한전점,이곡라떼,
,사보텐 코엑스점,김치 냄비 우동 정식,"12,000"
,사보텐 코엑스점,김치 카츠 나베 정식,"12,000"
,사보텐 코엑스점,김치 카츠동 정식,"12,500"
,사보텐 코엑스점,니꾸 우동 정식,"15,000"
,사보텐 코엑스점,로스 카츠 정식,"12,000"
,사보텐 코엑스점,모리 소바 정식,"12,500"
,사보텐 코엑스점,모짜렐라치즈 카츠,"4,000"
,사보텐 코엑스점,모짜렐라치즈 카츠 정식,"13,000"
,사보텐 코엑스점,미니소바,"4,500"
,사보텐 코엑스점,미니우동,"4,500"
,사보텐 코엑스점,사보텐 정식,"15,000"
,사보텐 코엑스점,숯불 와규동 정식,"13,500"
,사보텐 코엑스점,씨푸드 정식,"15,000"
,사보텐 코엑스점,알밥 정식,"12,500"
,사보텐 코엑스점,어린이정식,"8,500"
,사보텐 코엑스점,얼큰 해산물 우동 정식,"15,000"
,사보텐 코엑스점,에비 후라이,"3,500"
,사보텐 코엑스점,유부 꼬치 우동 정식,"12,500"
,사보텐 코엑스점,제주 흑돈 로스 카츠 정식,"15,000"
,사보텐 코엑스점,제주 히레 카츠 정식,"16,500"
,사보텐 코엑스점,카라이 라멘 정식,"12,500"
,사보텐 코엑스점,카레 고로케,"4,000"
,사보텐 코엑스점,카사네 카츠 정식,"14,000"
,사보텐 코엑스점,카츠 나베 정식,"11,500"
,사보텐 코엑스점,카츠 카레 우동 정식,"13,500"
,사보텐 코엑스점,카츠 카레 정식,"11,500"
,사보텐 코엑스점,쿨 세트 도쿄,"15,000"
,사보텐 코엑스점,쿨 세트 서울,"15,000"
,사보텐 코엑스점,토마토 생모짜렐라 샐러드,"6,000"
,사보텐 코엑스점,핫 세트,"15,000"
,사보텐 코엑스점,히례 카츠 정식,"13,000"
,사보텐 코엑스점,히야시 소바 정식,"13,500"
,사보텐 코엑스점,히야시 우동 정식,"12,000"
,사보텐 코엑스점,히야시 카츠 소바,"16,000"
,에머이 삼성점,차돌 쌀국수,"13,000"
,에머이 삼성점,분짜,"15,000"
,에머이 삼성점,반쎄오,"18,000"
,에머이 삼성점,짜까,"22,000"
,에머이 삼성점,볶음밥,"9,800"
,그랜드 인티컨티넨탈 실크로드클럽,"히비스커스향의 레드프룻샐러드, 요거트아이스크림, 바질 매쉬맬로우","18,000"
,그랜드 인티컨티넨탈 실크로드클럽,바닐라향의 리치와 산딸기를 곁들인 바슈렝 아이스크림,"18,000"
,그랜드 인티컨티넨탈 실크로드클럽,"훈제삼겹살과 채소, 화이트버터 소스를 곁들인 구운 바다가재","122,000"
,그랜드 인티컨티넨탈 실크로드클럽,"시금치, 호박을넣은 염소치즈 무슬린과 양등심 오븐구이","50,000"
,그랜드 인티컨티넨탈 실크로드클럽,호주산 와규 쇠고기 안심구이,"52,000"
,그랜드 인티컨티넨탈 실크로드클럽,"아보카도, 용과, 말린토마토드레싱, 파슬리 퓨레의 바다가재샐러드","32,000"
,그랜드 인티컨티넨탈 실크로드클럽,조갯살과게살을곁들인 사과와 엔다이브 샐러드,"28,000"
,카페밀트,아메리카노,"3,500"
,카페밀트,라떼,"4,000"
,카페밀트,리얼 수박,"5,000"
,카페밀트,애플유자,"5,000"
,카페밀트,로얄 캐모마일,"4,000"
,홍수계찜닭 코엑스점,찜닭 (소),"25,000"
,홍수계찜닭 코엑스점,치즈찜닭 (소),"28,000"
,홍수계찜닭 코엑스점,순살찜닭 (소),"29,000"
,홍수계찜닭 코엑스점,해물찜닭 (소),"32,000"
,이화옥,간장 덜미살(200g),"14,000"
,이화옥,이화옥 덜미살(200g),"13,000"
,이화옥,뼈해장국,"10,000"
,이화옥,쫄면,"7,000"
,이화옥,꼬막비빔밥,"10,000"
,리드커피스탠드,아메리카노,"3,000"
,리드커피스탠드,카페라떼,"3,500"
,리드커피스탠드,시나몬 라떼,"4,000"
,리드커피스탠드,플랫 화이트,"4,500"
,리드커피스탠드,핑크레몬 에이드,"5,000"
,도모다찌,히레돈카츠+우동 (중),"13,000"
,도모다찌,멕시칸치즈돈카츠+우동 (중),"13,500"
,도모다찌,비빔모밀,"11,500"
,도모다찌,회덮밥,"12,000"
,도모다찌,덴뿌라우동,"9,500"
,클로리스 삼성중앙역점,추천클래식 밀크티,"5,800"
,클로리스 삼성중앙역점,얼그레이 밀크티,"6,000"
,클로리스 삼성중앙역점,추천루이보스 허니 밀크티,"6,300"
,클로리스 삼성중앙역점,진저 밀크티,"6,300"
,클로리스 삼성중앙역점,코코넛 밀크티,"6,300"
,클로리스 삼성중앙역점,모닝티,"4,800"
,클로리스 삼성중앙역점,라벤더 얼그레이,"5,200"
,클로리스 삼성중앙역점,머스캣,"5,200"
,클로리스 삼성중앙역점,진저 애플 시나몬,"5,200"
,클로리스 삼성중앙역점,스트로베리 딜라이트,"5,200"
,클로리스 삼성중앙역점,하바네라,"5,800"
,클로리스 삼성중앙역점,레몬&진저,"5,800"
,클로리스 삼성중앙역점,상그리아,"5,800"
,클로리스 삼성중앙역점,클로리스 가든,"4,800"
,클로리스 삼성중앙역점,플로르 가든,"4,800"
,클로리스 삼성중앙역점,민티멜로디,"4,800"
,클로리스 삼성중앙역점,아이스 피치 티,"5,800"
,클로리스 삼성중앙역점,아이스 레몬그라스,"5,800"
,클로리스 삼성중앙역점,캐모마일 허니,"5,500"
,클로리스 삼성중앙역점,시트러스 애플 브리즈,"5,500"
,맘스터치 삼성중앙역점,후라이드싸이순살,
,맘스터치 삼성중앙역점,싱글떡강정세트,
,맘스터치 삼성중앙역점,텍사스바비큐치킨버거,
,맘스터치 삼성중앙역점,치츠홀릭버거(에멘탈),
,샐러디 강남구청역점,칠리베이컨 웜볼,
,샐러디 강남구청역점,시저치킨 샐러디,
,샐러디 강남구청역점,콥 샐러디,
,샐러디 강남구청역점,치킨토마토 샌드,
,샐러디 강남구청역점,시저치킨 랩,
,샐러디 강남구청역점,칠리베이컨 웜랩,
,샐러디 강남구청역점,우삼겹 웜볼,
,리향,짜장면,"5,500"
,리향,짬뽕,"7,000"
,리향,삼선우동,"9,000"
,리향,볶음밥,"7,500"
,리향,탕수육,"17,000"
,대원정,김치오겹살(180g),"15,000"
,대원정,생목살구이(200g),"15,000"
,대원정,소갈비살(150g),"18,000"
,대원정,차돌박이(150g),"18,000"
,깐부치킨 삼성점,고추간장치킨,
,깐부치킨 삼성점,마늘간장치킨,
,깐부치킨 삼성점,순살스윗치킨,
,깐부치킨 삼성점,크리스피치킨,
,깐부치킨 삼성점,후라이드치킨,
,수림복국 별관,복불고기 (소),"30,000"
,수림복국 별관,생참복수육 (중),"120,000"
,수림복국 별관,까치복수육 (중),"80,000"
,수림복국 별관,복튀김 (중),"20,000"
,단골집,뼈해장국(보통),"9,000"
,단골집,감자탕(소),"32,000"
,단골집,감자탕(중),"38,000"
,단골집,감자탕(대),"42,000"
,단골집,김치뼈찜(중),"39,000"
,단골집,김치전골(소),"32,000"
,바다사랑,감자전,"12,000"
,에그드랍 파르나스몰점,미스터 에그,
,에그드랍 파르나스몰점,아메리칸 햄 치즈,
,에그드랍 파르나스몰점,베이컨 더블 치즈,
,에그드랍 파르나스몰점,데리야끼 바베큐,
,에그드랍 파르나스몰점,클럽샌드위치,
,에그드랍 파르나스몰점,치킨 클럽샌드위치,
,에그드랍 파르나스몰점,아메리카노,
,에그드랍 파르나스몰점,카페라떼,
,공이집,평양냉면,"11,000"
,공이집,곰탕,"11,000"
,공이집,보양곰탕,"18,000"
,공이집,꼬막육회비빔밥,"13,000"
,공이집,해물갈비찜(중),"58,000"
,뻘밭에핀꽃,꼬막비빔밥,"32,000"
,뻘밭에핀꽃,꼬막야채비빔밥,"11,000"
,뻘밭에핀꽃,꼬막간장무침,"35,000"
,뻘밭에핀꽃,오징어순대,"11,000"
,뻘밭에핀꽃,육회,"19,000"
,한우정육식당,특수부위(1인),"50,000"
,한우정육식당,등심(1인),"40,000"
,한우정육식당,차돌(1인),"25,000"
,한우정육식당,육회(1인),"30,000"
,한우정육식당,삼겹살(1인),"17,000"
,전우소고기해장국,소고기해장국,"9,000"
,전우소고기해장국,소머리수육,"25,000"
,전우소고기해장국,녹두빈대떡,"10,000"
,전우소고기해장국,굴젓,"5,000"
,전우소고기해장국,포장해장국,"10,000"
,도원스타일 무역센터점,북경식버섯해산물 (M),"48,000"
,도원스타일 무역센터점,모둠버섯삼겹살찜 (M),"36,000"
,도원스타일 무역센터점,도원전가복 (M),"50,000"
,도원스타일 무역센터점,블랙빈소스매운관자 (M),"45,000"
,도원스타일 무역센터점,마파두부 (M),"25,000"
,쇼군 스타필드 코엑스몰점,오로총 스페셜,
,쇼군 스타필드 코엑스몰점,카모니라,
,쇼군 스타필드 코엑스몰점,차돌 오로총,
,니뽕내뽕 코엑스점,내피자,
,니뽕내뽕 코엑스점,니피자,
,니뽕내뽕 코엑스점,로뽕,
,니뽕내뽕 코엑스점,샐뽕,
,니뽕내뽕 코엑스점,일뽕,
,니뽕내뽕 코엑스점,차뽕,
,니뽕내뽕 코엑스점,크뽕,
,니뽕내뽕 코엑스점,태뽕,
,니뽕내뽕 코엑스점,토뽕,
,바나프레소 포스코사거리점,아메리카노,"1,500"
,바나프레소 포스코사거리점,카페라떼,"2,500"
,바나프레소 포스코사거리점,달고나라떼,"3,000"
,바나프레소 포스코사거리점,딸기스무디,"3,000"
,바나프레소 포스코사거리점,문경오미자티,"3,500"
,던킨도너츠 현대아이파크타워점,올스타 도넛세트,"15,100"
,던킨도너츠 현대아이파크타워점,버라이어티 10팩,"17,000"
,던킨도너츠 현대아이파크타워점,내쉬빌핫치킨버거,"4,900"
,던킨도너츠 현대아이파크타워점,해피 먼치킨컵 10EA,"5,000"
,던킨도너츠 현대아이파크타워점,커피&도넛 트윈세트,"17,500"
,던킨도너츠 현대아이파크타워점,페이머스 글레이즈드 기프트팩(6개입),"9,000"
,신사골감자탕 삼성점,뼈해장국,"7,500"
,신사골감자탕 삼성점,황태해장국,"6,500"
,신사골감자탕 삼성점,신사골 감자탕,"23,000"
,신사골감자탕 삼성점,신대왕 등뼈찜,"26,000"
,금장한우,한우등심(150g),"39,000"
,금장한우,한우갈비살(150g),"39,000"
,금장한우,수제양념돼지왕갈비(300g),"18,000"
,바른치킨 선정릉역점,현미바사삭,"16,900"
,바른치킨 선정릉역점,양념치킨,"17,900"
,바른치킨 선정릉역점,간장윙봉,"18,900"
,바른치킨 선정릉역점,통곡물 간장치킨,"18,900"
,바른치킨 선정릉역점,대새레드,"21,900"
,바른치킨 선정릉역점,대새핫블랙,"21,900"
,바른치킨 선정릉역점,대새트리플,"31,900"
,뱅따,Insalata Caesar,"16,000"
,뱅따,Capesante Arrostito,"25,000"
,뱅따,Patata Fritta al Tartufo,"15,000"
,뱅따,Calamari Fritti,"18,000"
,뱅따,Ragu il Melanzane Gratin,"23,000"
,막끌리네,해물김치전,"16,000"
,막끌리네,감자전,"16,000"
,막끌리네,도토리묵무침,"16,000"
,막끌리네,파불고기,"20,000"
,막끌리네,훈제오리,"25,000"
,루프탑바,모듬 과일,"30,000"
,루프탑바,모듬 치즈,"25,000"
,루프탑바,모듬 마른안주,"25,000"
,루프탑바,모듬 튀김,"25,000"
,루프탑바,버팔로윙,"25,000"
,기소야 삼성동본점 1호점,김치가쯔돈,"7,500"
,기소야 삼성동본점 1호점,가쯔돈,"7,500"
,기소야 삼성동본점 1호점,우나기덮밥,"11,000"
,기소야 삼성동본점 1호점,고모꾸우동,"7,000"
,기소야 삼성동본점 1호점,니까께우동,"5,000"
,기소야 삼성동본점 1호점,다누끼우동,"5,000"
,기소야 삼성동본점 1호점,유부초밥우동,"7,000"
,기소야 삼성동본점 1호점,새우돈,"9,500"
,굽네치킨 삼성2동점,오븐바사삭+티카마살라+콜라1.25L,"21,900"
,굽네치킨 삼성2동점,오븐바사삭+치킨마크니+콜라1.25L,"21,900"
,굽네치킨 삼성2동점,치즈바사삭+티카마살라+콜라1.25L,"22,900"
,굽네치킨 삼성2동점,치즈바사삭+치킨마크니+콜라1.25L,"22,900"
,굽네치킨 삼성2동점,불금치킨+콜라1.25L,"20,000"
,굽네치킨 삼성2동점,오븐바사삭+콜라1.25L,"19,000"
,굽네치킨 삼성2동점,치즈바사삭+콜라1.25L,"20,000"
,굽네치킨 삼성2동점,오리지널+티카마살라+콜라1.25L,"20,900"
,굽네치킨 삼성2동점,오리지널+치킨마크니+콜라1.25L,"20,900"
,굽네치킨 삼성2동점,불금치킨+바비큐 시카고 피자+에그타르트+콜라1.25L,"41,800"
,굽네치킨 삼성2동점,불금치킨+바비큐 시카고 피자+콜라1.25L,"38,000"
,굽네치킨 삼성2동점,갈릭마왕 반반+콜라1.25L,"20,000"
,굽네치킨 삼성2동점,볼케이노+에그타르트+콜라1.25L,"23,800"
,굽네치킨 삼성2동점,양념히어로+콜라1.25L,"20,000"
,굽네치킨 삼성2동점,양념히어로 반반+콜라1.25L,"20,000"
,굽네치킨 삼성2동점,갈릭마왕+콜라1.25L,"20,000"
,굽네치킨 삼성2동점,오리지널+바게트볼+콜라1.25L,"21,000"
,굽네치킨 삼성2동점,허니멜로+콜라1.25L,"20,000"
,굽네치킨 삼성2동점,고추바사삭+매콤치즈 치트킹+콜라1.25L,"21,000"
,굽네치킨 삼성2동점,고추바사삭+시카고 피자+에그타르트+콜라1.25L,"41,300"
,해머스미스커피 삼성점,아메리카노,"2,500"
,해머스미스커피 삼성점,카페라떼,"3,500"
,닥터로빈 삼성점,추천통단호박 크림스프,"18,500"
,닥터로빈 삼성점,매콤버섯크림파스타,"17,500"
,닥터로빈 삼성점,까르보나라,"18,000"
,닥터로빈 삼성점,트러플향이 가득한 버섯크림리조또,"17,500"
,닥터로빈 삼성점,가지 비프 토마토 리조또,"16,500"
,신의주찹쌀순대,신의주순대국밥,"8,000"
,신의주찹쌀순대,찹쌀순대(소),"15,000"
,신의주찹쌀순대,순대곱창전골(중),"25,000"
,신의주찹쌀순대,수육(중),"25,000"
,신의주찹쌀순대,닭볶음정식,"8,000"
,담미온 선정릉점,수육정식,"12,000"
,담미온 선정릉점,순대국밥,"7,000"
,담미온 선정릉점,뼈해장국,"8,000"
,담미온 선정릉점,김치찌개 수육국밥,"8,000"
,담미온 선정릉점,수육곰탕,"8,000"
